상권명,업종,특징_요약,핵심_고객층,시장_유형,평균_재방문율(%),평균_신규방문율(%)
건대입구,동남아/인도음식,"남성 30대이(가) 주로 찾는 유동인구 중심의 시장으로, 재방문 고객(32.3%) 비중이 높은 곳입니다.",남성 30대 (21.0%),유동인구 중심 (55.8%),32.31,7.38
금남시장,건강식품,"여성 60대이상이(가) 주로 찾는 거주 중심의 시장으로, 재방문 고객(17.6%) 비중이 높은 곳입니다.",여성 60대이상 (35.9%),거주 중심 (83.4%),17.6,8.49
금남시장,건강원,"여성 60대이상이(가) 주로 찾는 거주 중심의 시장으로, 신규 고객(9.3%) 유입이 활발한 곳입니다.",여성 60대이상 (24.4%),거주 중심 (56.7%),8.98,9.3
금남시장,건어물,"여성 60대이상이(가) 주로 찾는 거주 중심의 시장으로, 재방문 고객(35.0%) 비중이 높은 곳입니다.",여성 60대이상 (38.7%),거주 중심 (76.4%),35.01,6.21
금남시장,농산물,"여성 60대이상이(가) 주로 찾는 거주 중심의 시장으로, 재방문 고객(28.4%) 비중이 높은 곳입니다.",여성 60대이상 (30.8%),거주 중심 (56.6%),28.37,8.37
금남시장,담배,"남성 30대이(가) 주로 찾는 거주 중심의 시장으로, 재방문 고객(23.0%) 비중이 높은 곳입니다.",남성 30대 (25.1%),거주 중심 (61.1%),22.97,7.19
금남시장,동남아/인도음식,"여성 30대, 여성 40대이(가) 주로 찾는 거주 중심의 시장으로, 재방문 고객(28.4%) 비중이 높은 곳입니다.","여성 30대 (14.9%), 여성 40대 (16.4%)",거주 중심 (62.7%),28.37,8.46
금남시장,떡/한과 제조,"여성 60대이상이(가) 주로 찾는 거주 중심의 시장으로, 재방문 고객(33.3%) 비중이 높은 곳입니다.",여성 60대이상 (24.9%),거주 중심 (73.7%),33.32,6.39
금남시장,룸살롱/단란주점,"남성 60대이상이(가) 주로 찾는 유동인구 중심의 시장으로, 재방문 고객(26.0%) 비중이 높은 곳입니다.",남성 60대이상 (37.0%),유동인구 중심 (48.5%),26.03,9.32
금남시장,마카롱,"여성 30대이(가) 주로 찾는 거주 중심의 시장으로, 재방문 고객(23.1%) 비중이 높은 곳입니다.",여성 30대 (20.5%),거주 중심 (63.9%),23.08,8.41
금남시장,미곡상,"여성 60대이상이(가) 주로 찾는 거주 중심의 시장으로, 재방문 고객(33.5%) 비중이 높은 곳입니다.",여성 60대이상 (36.3%),거주 중심 (76.8%),33.51,6.55
금남시장,반찬,"여성 50대이(가) 주로 찾는 거주 중심의 시장으로, 재방문 고객(36.8%) 비중이 높은 곳입니다.",여성 50대 (20.1%),거주 중심 (59.5%),36.81,6.2
금남시장,백반/가정식,"남성 50대, 남성 60대이상이(가) 주로 찾는 거주 중심의 시장으로, 재방문 고객(25.6%) 비중이 높은 곳입니다.","남성 50대 (17.6%), 남성 60대이상 (16.5%)",거주 중심 (55.7%),25.63,8.21
금남시장,베이커리,"여성 30대, 여성 40대이(가) 주로 찾는 거주 중심의 시장으로, 재방문 고객(31.5%) 비중이 높은 곳입니다.","여성 30대 (16.6%), 여성 40대 (15.3%)",거주 중심 (68.7%),31.48,11.82
금남시장,분식,"여성 30대, 여성 40대이(가) 주로 찾는 거주 중심의 시장으로, 재방문 고객(33.4%) 비중이 높은 곳입니다.","여성 30대 (15.7%), 여성 40대 (14.9%)",거주 중심 (64.0%),33.41,9.12
금남시장,샌드위치/토스트,"여성 30대이(가) 주로 찾는 거주 중심의 시장으로, 재방문 고객(34.3%) 비중이 높은 곳입니다.",여성 30대 (16.2%),거주 중심 (62.1%),34.26,5.99
금남시장,수산물,"여성 60대이상이(가) 주로 찾는 거주 중심의 시장으로, 재방문 고객(37.2%) 비중이 높은 곳입니다.",여성 60대이상 (43.6%),거주 중심 (68.8%),37.23,5.96
금남시장,식료품,"여성 50대, 여성 60대이상이(가) 주로 찾는 거주 중심의 시장으로, 재방문 고객(43.5%) 비중이 높은 곳입니다.","여성 50대 (15.2%), 여성 60대이상 (17.0%)",거주 중심 (58.9%),43.45,9.08
금남시장,식품 제조,"여성 60대이상이(가) 주로 찾는 거주 중심의 시장으로, 재방문 고객(26.0%) 비중이 높은 곳입니다.",여성 60대이상 (27.1%),거주 중심 (62.0%),25.96,8.01
금남시장,아이스크림/빙수,"남성 30대, 남성 40대, 여성 30대, 여성 40대이(가) 주로 찾는 거주 중심의 시장으로, 재방문 고객(33.0%) 비중이 높은 곳입니다.","남성 30대 (14.8%), 남성 40대 (14.6%), 여성 30대 (13.6%), 여성 40대 (13.9%)",거주 중심 (72.2%),33.03,16.09
금남시장,양식,"남성 30대, 여성 30대이(가) 주로 찾는 유동인구 중심의 시장으로, 재방문 고객(18.8%) 비중이 높은 곳입니다.","남성 30대 (19.7%), 여성 30대 (18.6%)",유동인구 중심 (54.5%),18.75,8.15
금남시장,와인바,"남성 30대이(가) 주로 찾는 유동인구 중심의 시장으로, 신규 고객(23.6%) 유입이 활발한 곳입니다.",남성 30대 (23.5%),유동인구 중심 (57.1%),12.19,23.57
금남시장,요리주점,"남성 30대이(가) 주로 찾는 거주 중심의 시장으로, 재방문 고객(22.3%) 비중이 높은 곳입니다.",남성 30대 (23.5%),거주 중심 (50.4%),22.29,9.14
금남시장,이자카야,"남성 30대이(가) 주로 찾는 유동인구 중심의 시장으로, 재방문 고객(13.0%) 비중이 높은 곳입니다.",남성 30대 (25.1%),유동인구 중심 (52.7%),12.97,7.69
금남시장,일반 유흥주점,"남성 20대이하이(가) 주로 찾는 유동인구 중심의 시장으로, 재방문 고객(35.8%) 비중이 높은 곳입니다.",남성 20대이하 (28.1%),유동인구 중심 (57.3%),35.79,23.16
금남시장,일식-샤브샤브,"남성 30대이(가) 주로 찾는 유동인구 중심의 시장으로, 신규 고객(57.2%) 유입이 활발한 곳입니다.",남성 30대 (29.8%),유동인구 중심 (51.7%),4.04,57.18
금남시장,일식-우동/소바/라면,"남성 50대이(가) 주로 찾는 거주 중심의 시장으로, 재방문 고객(37.1%) 비중이 높은 곳입니다.",남성 50대 (16.6%),거주 중심 (58.0%),37.06,6.21
금남시장,일식당,"남성 30대이(가) 주로 찾는 거주 중심의 시장으로, 신규 고객(19.5%) 유입이 활발한 곳입니다.",남성 30대 (17.9%),거주 중심 (52.0%),15.85,19.48
금남시장,주류,"남성 30대, 남성 40대이(가) 주로 찾는 거주 중심의 시장으로, 재방문 고객(28.2%) 비중이 높은 곳입니다.","남성 30대 (22.4%), 남성 40대 (23.1%)",거주 중심 (57.2%),28.21,6.05
금남시장,중식-훠궈/마라탕,"남성 20대이하, 남성 30대, 여성 20대이하, 여성 30대이(가) 주로 찾는 거주 중심의 시장으로, 재방문 고객(25.2%) 비중이 높은 곳입니다.","남성 20대이하 (12.8%), 남성 30대 (14.1%), 여성 20대이하 (13.4%), 여성 30대 (13.4%)",거주 중심 (50.4%),25.22,6.11
금남시장,중식당,"남성 50대이(가) 주로 찾는 거주 중심의 시장으로, 재방문 고객(29.8%) 비중이 높은 곳입니다.",남성 50대 (17.7%),거주 중심 (66.1%),29.82,11.04
금남시장,청과물,"여성 50대, 여성 60대이상이(가) 주로 찾는 거주 중심의 시장으로, 재방문 고객(34.5%) 비중이 높은 곳입니다.","여성 50대 (15.9%), 여성 60대이상 (17.7%)",거주 중심 (57.3%),34.53,14.95
금남시장,축산물,"여성 60대이상이(가) 주로 찾는 거주 중심의 시장으로, 재방문 고객(33.0%) 비중이 높은 곳입니다.",여성 60대이상 (23.8%),거주 중심 (75.1%),32.97,7.49
금남시장,치킨,"남성 30대, 남성 40대, 남성 50대이(가) 주로 찾는 거주 중심의 시장으로, 재방문 고객(24.4%) 비중이 높은 곳입니다.","남성 30대 (12.4%), 남성 40대 (14.4%), 남성 50대 (13.5%)",거주 중심 (64.7%),24.41,7.82
금남시장,카페,"남성 50대, 여성 30대, 여성 40대이(가) 주로 찾는 거주 중심의 시장으로, 재방문 고객(31.5%) 비중이 높은 곳입니다.","남성 50대 (13.9%), 여성 30대 (15.3%), 여성 40대 (13.5%)",거주 중심 (60.5%),31.53,8.23
금남시장,커피전문점,"여성 30대, 여성 40대이(가) 주로 찾는 거주 중심의 시장으로, 재방문 고객(38.7%) 비중이 높은 곳입니다.","여성 30대 (16.7%), 여성 40대 (15.7%)",거주 중심 (63.0%),38.75,8.46
금남시장,테마카페,"남성 30대, 남성 40대, 여성 30대, 여성 40대이(가) 주로 찾는 거주 중심의 시장으로, 재방문 고객(28.3%) 비중이 높은 곳입니다.","남성 30대 (13.5%), 남성 40대 (13.7%), 여성 30대 (12.8%), 여성 40대 (13.1%)",거주 중심 (59.6%),28.28,6.95
금남시장,포장마차,"남성 60대이상이(가) 주로 찾는 거주 중심의 시장으로, 재방문 고객(28.3%) 비중이 높은 곳입니다.",남성 60대이상 (24.4%),거주 중심 (59.8%),28.25,9.71
금남시장,피자,"남성 30대, 남성 40대이(가) 주로 찾는 거주 중심의 시장으로, 재방문 고객(25.2%) 비중이 높은 곳입니다.","남성 30대 (15.8%), 남성 40대 (15.1%)",거주 중심 (69.2%),25.23,6.01
금남시장,한식-감자탕,"남성 30대, 남성 50대이(가) 주로 찾는 거주 중심의 시장으로, 재방문 고객(17.6%) 비중이 높은 곳입니다.","남성 30대 (17.1%), 남성 50대 (17.1%)",거주 중심 (58.2%),17.62,7.31
금남시장,한식-국밥/설렁탕,"남성 40대, 남성 50대, 남성 60대이상이(가) 주로 찾는 거주 중심의 시장으로, 재방문 고객(21.9%) 비중이 높은 곳입니다.","남성 40대 (16.2%), 남성 50대 (16.0%), 남성 60대이상 (16.8%)",거주 중심 (58.8%),21.89,10.79
금남시장,한식-국수/만두,"남성 60대이상, 여성 60대이상이(가) 주로 찾는 거주 중심의 시장으로, 재방문 고객(28.0%) 비중이 높은 곳입니다.","남성 60대이상 (17.7%), 여성 60대이상 (17.3%)",거주 중심 (58.3%),27.96,7.1
금남시장,한식-냉면,"남성 60대이상, 여성 60대이상이(가) 주로 찾는 거주 중심의 시장으로, 재방문 고객(25.2%) 비중이 높은 곳입니다.","남성 60대이상 (16.9%), 여성 60대이상 (15.0%)",거주 중심 (58.2%),25.19,7.2
금남시장,한식-단품요리일반,"남성 60대이상이(가) 주로 찾는 거주 중심의 시장으로, 재방문 고객(26.9%) 비중이 높은 곳입니다.",남성 60대이상 (16.4%),거주 중심 (55.2%),26.93,9.63
금남시장,한식-육류/고기,"남성 30대, 남성 40대, 남성 50대이(가) 주로 찾는 거주 중심의 시장으로, 재방문 고객(19.6%) 비중이 높은 곳입니다.","남성 30대 (14.9%), 남성 40대 (14.4%), 남성 50대 (15.0%)",거주 중심 (56.9%),19.55,8.48
금남시장,한식-죽,"여성 50대, 여성 60대이상이(가) 주로 찾는 거주 중심의 시장으로, 재방문 고객(26.0%) 비중이 높은 곳입니다.","여성 50대 (16.8%), 여성 60대이상 (16.9%)",거주 중심 (74.5%),25.97,6.39
금남시장,한식-찌개/전골,"남성 50대이(가) 주로 찾는 거주 중심의 시장으로, 신규 고객(18.9%) 유입이 활발한 곳입니다.",남성 50대 (19.6%),거주 중심 (52.0%),17.0,18.89
금남시장,한식-해물/생선,"남성 60대이상이(가) 주로 찾는 거주 중심의 시장으로, 재방문 고객(21.2%) 비중이 높은 곳입니다.",남성 60대이상 (20.8%),거주 중심 (61.8%),21.24,8.01
금남시장,햄버거,"남성 30대이(가) 주로 찾는 거주 중심의 시장으로, 재방문 고객(35.6%) 비중이 높은 곳입니다.",남성 30대 (14.5%),거주 중심 (67.1%),35.61,5.96
금남시장,호프/맥주,"남성 40대이(가) 주로 찾는 거주 중심의 시장으로, 재방문 고객(29.8%) 비중이 높은 곳입니다.",남성 40대 (25.0%),거주 중심 (44.7%),29.81,7.03
기타,피자,"남성 30대이(가) 주로 찾는 유동인구 중심의 시장으로, 재방문 고객(18.1%) 비중이 높은 곳입니다.",남성 30대 (22.4%),유동인구 중심 (61.7%),18.11,6.0
답십리,기타세계요리,"여성 20대이하이(가) 주로 찾는 유동인구 중심의 시장으로, 재방문 고객(28.7%) 비중이 높은 곳입니다.",여성 20대이하 (28.1%),유동인구 중심 (72.9%),28.7,13.27
답십리,꼬치구이,"남성 30대, 남성 40대이(가) 주로 찾는 유동인구 중심의 시장으로, 재방문 고객(25.7%) 비중이 높은 곳입니다.","남성 30대 (18.3%), 남성 40대 (20.0%)",유동인구 중심 (63.8%),25.7,6.64
답십리,농산물,"남성 60대이상이(가) 주로 찾는 거주 중심의 시장으로, 재방문 고객(33.5%) 비중이 높은 곳입니다.",남성 60대이상 (23.7%),거주 중심 (51.6%),33.5,9.18
답십리,떡/한과 제조,"여성 60대이상이(가) 주로 찾는 거주 중심의 시장으로, 재방문 고객(29.1%) 비중이 높은 곳입니다.",여성 60대이상 (20.4%),거주 중심 (50.8%),29.06,7.11
답십리,마카롱,"여성 30대이(가) 주로 찾는 유동인구 중심의 시장으로, 재방문 고객(34.5%) 비중이 높은 곳입니다.",여성 30대 (19.6%),유동인구 중심 (44.1%),34.53,16.31
답십리,미곡상,"여성 60대이상이(가) 주로 찾는 거주 중심의 시장으로, 재방문 고객(46.8%) 비중이 높은 곳입니다.",여성 60대이상 (28.1%),거주 중심 (79.5%),46.77,5.64
답십리,백반/가정식,"남성 50대이(가) 주로 찾는 유동인구 중심의 시장으로, 재방문 고객(26.8%) 비중이 높은 곳입니다.",남성 50대 (21.2%),유동인구 중심 (51.8%),26.76,8.35
답십리,베이커리,"여성 20대이하, 여성 30대, 여성 50대이(가) 주로 찾는 유동인구 중심의 시장으로, 재방문 고객(36.2%) 비중이 높은 곳입니다.","여성 20대이하 (14.1%), 여성 30대 (12.6%), 여성 50대 (12.4%)",유동인구 중심 (56.2%),36.17,6.84
답십리,분식,"남성 20대이하, 남성 30대, 남성 40대, 여성 30대이(가) 주로 찾는 유동인구 중심의 시장으로, 재방문 고객(26.4%) 비중이 높은 곳입니다.","남성 20대이하 (11.8%), 남성 30대 (13.4%), 남성 40대 (11.9%), 여성 30대 (13.1%)",유동인구 중심 (53.1%),26.37,15.5
답십리,식료품,"남성 20대이하, 남성 30대이(가) 주로 찾는 유동인구 중심의 시장으로, 재방문 고객(40.9%) 비중이 높은 곳입니다.","남성 20대이하 (16.1%), 남성 30대 (17.7%)",유동인구 중심 (50.3%),40.87,12.53
답십리,식품 제조,"남성 50대, 여성 50대이(가) 주로 찾는 거주 중심의 시장으로, 재방문 고객(24.1%) 비중이 높은 곳입니다.","남성 50대 (15.5%), 여성 50대 (13.7%)",거주 중심 (55.4%),24.06,8.53
답십리,아이스크림/빙수,"남성 20대이하이(가) 주로 찾는 유동인구 중심의 시장으로, 재방문 고객(35.5%) 비중이 높은 곳입니다.",남성 20대이하 (18.9%),유동인구 중심 (49.1%),35.45,9.36
답십리,양식,"남성 30대이(가) 주로 찾는 유동인구 중심의 시장으로, 신규 고객(31.6%) 유입이 활발한 곳입니다.",남성 30대 (27.9%),유동인구 중심 (64.2%),30.58,31.55
답십리,요리주점,"남성 50대이(가) 주로 찾는 유동인구 중심의 시장으로, 재방문 고객(24.2%) 비중이 높은 곳입니다.",남성 50대 (16.6%),유동인구 중심 (58.6%),24.16,14.23
답십리,이자카야,"남성 20대이하, 남성 30대이(가) 주로 찾는 유동인구 중심의 시장으로, 신규 고객(17.2%) 유입이 활발한 곳입니다.","남성 20대이하 (22.3%), 남성 30대 (24.3%)",유동인구 중심 (70.6%),13.07,17.21
답십리,일반 유흥주점,"남성 20대이하, 남성 30대이(가) 주로 찾는 유동인구 중심의 시장으로, 신규 고객(52.4%) 유입이 활발한 곳입니다.","남성 20대이하 (30.2%), 남성 30대 (31.7%)",유동인구 중심 (70.9%),13.54,52.43
답십리,일식-덮밥/돈가스,"남성 30대이(가) 주로 찾는 유동인구 중심의 시장으로, 신규 고객(30.9%) 유입이 활발한 곳입니다.",남성 30대 (21.8%),유동인구 중심 (43.8%),27.14,30.88
답십리,일식-우동/소바/라면,"남성 20대이하, 남성 30대, 남성 50대이(가) 주로 찾는 유동인구 중심의 시장으로, 재방문 고객(21.2%) 비중이 높은 곳입니다.","남성 20대이하 (13.5%), 남성 30대 (12.7%), 남성 50대 (12.0%)",유동인구 중심 (48.1%),21.19,6.96
답십리,일식-참치회,"남성 40대이(가) 주로 찾는 유동인구 중심의 시장으로, 재방문 고객(14.5%) 비중이 높은 곳입니다.",남성 40대 (23.2%),유동인구 중심 (69.4%),14.45,8.58
답십리,일식당,"남성 30대, 남성 50대이(가) 주로 찾는 유동인구 중심의 시장으로, 재방문 고객(22.5%) 비중이 높은 곳입니다.","남성 30대 (15.4%), 남성 50대 (16.3%)",유동인구 중심 (65.3%),22.5,10.3
답십리,중식당,"남성 20대이하, 남성 30대, 남성 50대이(가) 주로 찾는 유동인구 중심의 시장으로, 재방문 고객(28.8%) 비중이 높은 곳입니다.","남성 20대이하 (15.8%), 남성 30대 (16.4%), 남성 50대 (15.5%)",유동인구 중심 (55.0%),28.78,8.6
답십리,청과물,"여성 60대이상이(가) 주로 찾는 거주 중심의 시장으로, 재방문 고객(38.0%) 비중이 높은 곳입니다.",여성 60대이상 (18.8%),거주 중심 (62.3%),37.97,10.35
답십리,축산물,"여성 60대이상이(가) 주로 찾는 거주 중심의 시장으로, 재방문 고객(38.8%) 비중이 높은 곳입니다.",여성 60대이상 (20.3%),거주 중심 (52.6%),38.77,10.35
답십리,치킨,"남성 50대이(가) 주로 찾는 유동인구 중심의 시장으로, 재방문 고객(24.0%) 비중이 높은 곳입니다.",남성 50대 (17.9%),유동인구 중심 (47.5%),23.96,9.91
답십리,카페,"남성 30대, 여성 30대이(가) 주로 찾는 유동인구 중심의 시장으로, 재방문 고객(27.9%) 비중이 높은 곳입니다.","남성 30대 (14.4%), 여성 30대 (14.5%)",유동인구 중심 (50.2%),27.93,16.43
답십리,커피전문점,"남성 20대이하, 여성 20대이하이(가) 주로 찾는 유동인구 중심의 시장으로, 재방문 고객(37.0%) 비중이 높은 곳입니다.","남성 20대이하 (16.6%), 여성 20대이하 (15.2%)",유동인구 중심 (53.5%),36.96,9.65
답십리,테이크아웃커피,"남성 30대, 여성 30대이(가) 주로 찾는 유동인구 중심의 시장으로, 신규 고객(34.5%) 유입이 활발한 곳입니다.","남성 30대 (16.0%), 여성 30대 (17.8%)",유동인구 중심 (43.1%),29.03,34.53
답십리,한식-국밥/설렁탕,"남성 50대이(가) 주로 찾는 거주 중심의 시장으로, 재방문 고객(28.3%) 비중이 높은 곳입니다.",남성 50대 (22.2%),거주 중심 (43.1%),28.31,6.36
답십리,한식-국수/만두,"남성 50대, 여성 50대이(가) 주로 찾는 유동인구 중심의 시장으로, 재방문 고객(24.5%) 비중이 높은 곳입니다.","남성 50대 (14.9%), 여성 50대 (13.1%)",유동인구 중심 (53.6%),24.48,10.64
답십리,한식-냉면,"남성 50대, 남성 60대이상이(가) 주로 찾는 유동인구 중심의 시장으로, 재방문 고객(27.3%) 비중이 높은 곳입니다.","남성 50대 (21.1%), 남성 60대이상 (21.2%)",유동인구 중심 (44.1%),27.31,9.02
답십리,한식-단품요리일반,"남성 50대이(가) 주로 찾는 유동인구 중심의 시장으로, 재방문 고객(27.1%) 비중이 높은 곳입니다.",남성 50대 (21.4%),유동인구 중심 (49.1%),27.08,9.05
답십리,한식-육류/고기,"남성 50대이(가) 주로 찾는 유동인구 중심의 시장으로, 재방문 고객(22.2%) 비중이 높은 곳입니다.",남성 50대 (16.2%),유동인구 중심 (58.5%),22.25,8.38
답십리,한식-찌개/전골,"남성 50대이(가) 주로 찾는 유동인구 중심의 시장으로, 재방문 고객(29.7%) 비중이 높은 곳입니다.",남성 50대 (19.2%),유동인구 중심 (60.5%),29.72,12.62
답십리,한식-해물/생선,"남성 50대이(가) 주로 찾는 유동인구 중심의 시장으로, 재방문 고객(21.2%) 비중이 높은 곳입니다.",남성 50대 (20.3%),유동인구 중심 (57.7%),21.18,9.13
답십리,한식뷔페,"남성 30대, 남성 40대, 남성 50대이(가) 주로 찾는 유동인구 중심의 시장으로, 재방문 고객(23.6%) 비중이 높은 곳입니다.","남성 30대 (17.4%), 남성 40대 (15.8%), 남성 50대 (15.4%)",유동인구 중심 (60.0%),23.64,10.91
답십리,호프/맥주,"남성 50대이(가) 주로 찾는 유동인구 중심의 시장으로, 재방문 고객(21.8%) 비중이 높은 곳입니다.",남성 50대 (31.3%),유동인구 중심 (57.6%),21.77,10.6
동대문역사문화공원역,치킨,"남성 20대이하, 남성 30대이(가) 주로 찾는 유동인구 중심의 시장으로, 재방문 고객(15.0%) 비중이 높은 곳입니다.","남성 20대이하 (19.7%), 남성 30대 (19.3%)",유동인구 중심 (93.3%),15.03,14.26
뚝섬,기타세계요리,"여성 20대이하이(가) 주로 찾는 유동인구 중심의 시장으로, 신규 고객(25.2%) 유입이 활발한 곳입니다.",여성 20대이하 (28.8%),유동인구 중심 (76.8%),4.25,25.22
뚝섬,꼬치구이,"남성 20대이하, 남성 30대이(가) 주로 찾는 유동인구 중심의 시장으로, 재방문 고객(8.1%) 비중이 높은 곳입니다.","남성 20대이하 (21.6%), 남성 30대 (22.7%)",유동인구 중심 (65.7%),8.14,7.98
뚝섬,농산물,"여성 60대이상이(가) 주로 찾는 거주 중심의 시장으로, 재방문 고객(38.2%) 비중이 높은 곳입니다.",여성 60대이상 (21.2%),거주 중심 (72.4%),38.15,6.32
뚝섬,담배,"남성 30대이(가) 주로 찾는 거주 중심의 시장으로, 재방문 고객(22.0%) 비중이 높은 곳입니다.",남성 30대 (32.0%),거주 중심 (52.3%),22.01,7.05
뚝섬,도너츠,"여성 20대이하이(가) 주로 찾는 유동인구 중심의 시장으로, 신규 고객(21.6%) 유입이 활발한 곳입니다.",여성 20대이하 (22.4%),유동인구 중심 (62.9%),16.16,21.58
뚝섬,도시락,"남성 20대이하이(가) 주로 찾는 거주 중심의 시장으로, 재방문 고객(34.2%) 비중이 높은 곳입니다.",남성 20대이하 (26.9%),거주 중심 (53.1%),34.21,8.05
뚝섬,동남아/인도음식,"여성 30대이(가) 주로 찾는 유동인구 중심의 시장으로, 재방문 고객(20.9%) 비중이 높은 곳입니다.",여성 30대 (20.6%),유동인구 중심 (53.6%),20.93,13.04
뚝섬,떡/한과 제조,"여성 30대, 여성 40대, 여성 50대, 여성 60대이상이(가) 주로 찾는 거주 중심의 시장으로, 재방문 고객(29.5%) 비중이 높은 곳입니다.","여성 30대 (15.4%), 여성 40대 (14.8%), 여성 50대 (13.8%), 여성 60대이상 (15.0%)",거주 중심 (54.0%),29.47,12.67
뚝섬,민속주점,"남성 30대이(가) 주로 찾는 유동인구 중심의 시장으로, 신규 고객(64.3%) 유입이 활발한 곳입니다.",남성 30대 (29.8%),유동인구 중심 (61.0%),9.19,64.32
뚝섬,반찬,"남성 60대이상, 여성 50대, 여성 60대이상이(가) 주로 찾는 거주 중심의 시장으로, 재방문 고객(42.1%) 비중이 높은 곳입니다.","남성 60대이상 (12.8%), 여성 50대 (14.1%), 여성 60대이상 (12.9%)",거주 중심 (56.8%),42.09,7.12
뚝섬,백반/가정식,"남성 30대이(가) 주로 찾는 유동인구 중심의 시장으로, 재방문 고객(28.6%) 비중이 높은 곳입니다.",남성 30대 (19.9%),유동인구 중심 (49.4%),28.55,11.56
뚝섬,베이커리,"여성 20대이하이(가) 주로 찾는 유동인구 중심의 시장으로, 재방문 고객(22.2%) 비중이 높은 곳입니다.",여성 20대이하 (25.4%),유동인구 중심 (58.0%),22.21,13.49
뚝섬,분식,"남성 30대, 여성 30대이(가) 주로 찾는 유동인구 중심의 시장으로, 재방문 고객(36.5%) 비중이 높은 곳입니다.","남성 30대 (17.7%), 여성 30대 (16.2%)",유동인구 중심 (42.8%),36.46,8.85
뚝섬,샌드위치/토스트,"여성 20대이하이(가) 주로 찾는 유동인구 중심의 시장으로, 재방문 고객(26.5%) 비중이 높은 곳입니다.",여성 20대이하 (25.7%),유동인구 중심 (54.0%),26.53,13.46
뚝섬,수산물,"남성 60대이상이(가) 주로 찾는 유동인구 중심의 시장으로, 재방문 고객(96.5%) 비중이 높은 곳입니다.",남성 60대이상 (64.4%),유동인구 중심 (100.0%),96.46,0.0
뚝섬,식료품,"남성 50대이(가) 주로 찾는 유동인구 중심의 시장으로, 재방문 고객(44.6%) 비중이 높은 곳입니다.",남성 50대 (21.6%),유동인구 중심 (61.4%),44.64,10.53
뚝섬,식품 제조,"여성 20대이하이(가) 주로 찾는 유동인구 중심의 시장으로, 재방문 고객(18.3%) 비중이 높은 곳입니다.",여성 20대이하 (25.3%),유동인구 중심 (68.6%),18.32,7.33
뚝섬,아이스크림/빙수,"여성 20대이하이(가) 주로 찾는 유동인구 중심의 시장으로, 신규 고객(41.3%) 유입이 활발한 곳입니다.",여성 20대이하 (32.3%),유동인구 중심 (63.8%),11.02,41.25
뚝섬,양식,"여성 20대이하이(가) 주로 찾는 유동인구 중심의 시장으로, 신규 고객(12.2%) 유입이 활발한 곳입니다.",여성 20대이하 (24.1%),유동인구 중심 (76.4%),10.47,12.24
뚝섬,와인바,"여성 20대이하이(가) 주로 찾는 유동인구 중심의 시장으로, 신규 고객(11.5%) 유입이 활발한 곳입니다.",여성 20대이하 (28.2%),유동인구 중심 (80.2%),8.04,11.54
뚝섬,와플/크로플,"여성 20대이하, 여성 30대이(가) 주로 찾는 유동인구 중심의 시장으로, 재방문 고객(17.4%) 비중이 높은 곳입니다.","여성 20대이하 (20.0%), 여성 30대 (20.0%)",유동인구 중심 (52.2%),17.39,4.63
뚝섬,요리주점,"여성 20대이하이(가) 주로 찾는 유동인구 중심의 시장으로, 신규 고객(17.0%) 유입이 활발한 곳입니다.",여성 20대이하 (32.0%),유동인구 중심 (78.0%),5.6,16.99
뚝섬,이자카야,"여성 20대이하이(가) 주로 찾는 유동인구 중심의 시장으로, 신규 고객(15.7%) 유입이 활발한 곳입니다.",여성 20대이하 (24.4%),유동인구 중심 (70.8%),9.1,15.75
뚝섬,인삼제품,"남성 40대이(가) 주로 찾는 유동인구 중심의 시장으로, 재방문 고객(59.6%) 비중이 높은 곳입니다.",남성 40대 (28.9%),유동인구 중심 (90.0%),59.64,1.52
뚝섬,일반 유흥주점,"남성 20대이하이(가) 주로 찾는 유동인구 중심의 시장으로, 신규 고객(14.8%) 유입이 활발한 곳입니다.",남성 20대이하 (28.8%),유동인구 중심 (72.7%),12.28,14.84
뚝섬,일식-덮밥/돈가스,"남성 30대이(가) 주로 찾는 유동인구 중심의 시장으로, 재방문 고객(26.0%) 비중이 높은 곳입니다.",남성 30대 (20.1%),유동인구 중심 (49.3%),26.05,11.46
뚝섬,일식-샤브샤브,"남성 60대이상, 여성 60대이상이(가) 주로 찾는 유동인구 중심의 시장으로, 재방문 고객(21.9%) 비중이 높은 곳입니다.","남성 60대이상 (12.9%), 여성 60대이상 (13.2%)",유동인구 중심 (46.5%),21.91,10.65
뚝섬,일식-초밥/롤,"남성 30대이(가) 주로 찾는 유동인구 중심의 시장으로, 재방문 고객(19.6%) 비중이 높은 곳입니다.",남성 30대 (26.7%),유동인구 중심 (47.7%),19.65,13.34
뚝섬,일식당,"남성 20대이하, 남성 30대, 여성 20대이하이(가) 주로 찾는 유동인구 중심의 시장으로, 신규 고객(14.1%) 유입이 활발한 곳입니다.","남성 20대이하 (19.4%), 남성 30대 (19.6%), 여성 20대이하 (20.4%)",유동인구 중심 (71.1%),12.6,14.1
뚝섬,주류,"남성 30대, 여성 30대이(가) 주로 찾는 유동인구 중심의 시장으로, 재방문 고객(17.5%) 비중이 높은 곳입니다.","남성 30대 (21.9%), 여성 30대 (20.3%)",유동인구 중심 (64.5%),17.48,11.2
뚝섬,주스,"여성 20대이하, 여성 30대이(가) 주로 찾는 거주 중심의 시장으로, 재방문 고객(32.8%) 비중이 높은 곳입니다.","여성 20대이하 (17.7%), 여성 30대 (17.1%)",거주 중심 (43.5%),32.81,6.42
뚝섬,중식-딤섬/중식만두,"남성 30대이(가) 주로 찾는 유동인구 중심의 시장으로, 신규 고객(18.6%) 유입이 활발한 곳입니다.",남성 30대 (26.2%),유동인구 중심 (77.6%),3.05,18.6
뚝섬,중식당,"남성 30대이(가) 주로 찾는 유동인구 중심의 시장으로, 재방문 고객(27.8%) 비중이 높은 곳입니다.",남성 30대 (19.5%),유동인구 중심 (51.0%),27.83,8.8
뚝섬,차,"여성 20대이하이(가) 주로 찾는 유동인구 중심의 시장으로, 재방문 고객(15.7%) 비중이 높은 곳입니다.",여성 20대이하 (34.3%),유동인구 중심 (63.0%),15.69,7.42
뚝섬,청과물,"여성 60대이상이(가) 주로 찾는 거주 중심의 시장으로, 재방문 고객(30.2%) 비중이 높은 곳입니다.",여성 60대이상 (23.2%),거주 중심 (67.2%),30.18,6.45
뚝섬,축산물,"여성 60대이상이(가) 주로 찾는 거주 중심의 시장으로, 재방문 고객(54.2%) 비중이 높은 곳입니다.",여성 60대이상 (28.0%),거주 중심 (82.1%),54.21,4.84
뚝섬,치킨,"남성 30대이(가) 주로 찾는 거주 중심의 시장으로, 재방문 고객(20.2%) 비중이 높은 곳입니다.",남성 30대 (16.5%),거주 중심 (43.4%),20.25,7.07
뚝섬,카페,"여성 20대이하이(가) 주로 찾는 유동인구 중심의 시장으로, 재방문 고객(21.6%) 비중이 높은 곳입니다.",여성 20대이하 (25.5%),유동인구 중심 (65.7%),21.59,12.59
뚝섬,커피전문점,"남성 30대, 여성 20대이하, 여성 30대이(가) 주로 찾는 유동인구 중심의 시장으로, 재방문 고객(31.3%) 비중이 높은 곳입니다.","남성 30대 (18.0%), 여성 20대이하 (17.5%), 여성 30대 (19.1%)",유동인구 중심 (55.4%),31.31,10.62
뚝섬,테이크아웃커피,"남성 30대이(가) 주로 찾는 유동인구 중심의 시장으로, 재방문 고객(41.2%) 비중이 높은 곳입니다.",남성 30대 (21.3%),유동인구 중심 (39.8%),41.21,16.94
뚝섬,포장마차,"남성 20대이하, 남성 30대이(가) 주로 찾는 유동인구 중심의 시장으로, 신규 고객(15.0%) 유입이 활발한 곳입니다.","남성 20대이하 (24.9%), 남성 30대 (23.9%)",유동인구 중심 (73.2%),5.07,15.02
뚝섬,피자,"남성 30대이(가) 주로 찾는 거주 중심의 시장으로, 재방문 고객(32.5%) 비중이 높은 곳입니다.",남성 30대 (15.8%),거주 중심 (56.0%),32.54,7.13
뚝섬,한식-감자탕,"남성 30대이(가) 주로 찾는 유동인구 중심의 시장으로, 재방문 고객(24.6%) 비중이 높은 곳입니다.",남성 30대 (24.4%),유동인구 중심 (46.9%),24.63,12.61
뚝섬,한식-국밥/설렁탕,"남성 30대이(가) 주로 찾는 직장 중심의 시장으로, 재방문 고객(36.2%) 비중이 높은 곳입니다.",남성 30대 (22.1%),직장 중심 (41.8%),36.25,7.38
뚝섬,한식-국수/만두,"남성 30대이(가) 주로 찾는 유동인구 중심의 시장으로, 재방문 고객(28.0%) 비중이 높은 곳입니다.",남성 30대 (17.6%),유동인구 중심 (43.9%),27.95,11.31
뚝섬,한식-냉면,"남성 30대, 여성 30대이(가) 주로 찾는 유동인구 중심의 시장으로, 재방문 고객(23.3%) 비중이 높은 곳입니다.","남성 30대 (20.1%), 여성 30대 (20.0%)",유동인구 중심 (47.2%),23.28,7.4
뚝섬,한식-단품요리일반,"남성 30대, 여성 20대이하, 여성 30대이(가) 주로 찾는 유동인구 중심의 시장으로, 재방문 고객(16.1%) 비중이 높은 곳입니다.","남성 30대 (16.8%), 여성 20대이하 (15.8%), 여성 30대 (16.4%)",유동인구 중심 (62.6%),16.11,10.87
뚝섬,한식-육류/고기,"남성 30대이(가) 주로 찾는 유동인구 중심의 시장으로, 재방문 고객(21.2%) 비중이 높은 곳입니다.",남성 30대 (20.1%),유동인구 중심 (52.2%),21.21,9.15
뚝섬,한식-죽,"여성 50대이(가) 주로 찾는 유동인구 중심의 시장으로, 신규 고객(98.5%) 유입이 활발한 곳입니다.",여성 50대 (26.7%),유동인구 중심 (40.0%),6.75,98.46
뚝섬,한식-찌개/전골,"남성 30대이(가) 주로 찾는 유동인구 중심의 시장으로, 재방문 고객(33.6%) 비중이 높은 곳입니다.",남성 30대 (19.7%),유동인구 중심 (41.0%),33.59,9.61
뚝섬,한식-해물/생선,"남성 30대이(가) 주로 찾는 유동인구 중심의 시장으로, 재방문 고객(19.9%) 비중이 높은 곳입니다.",남성 30대 (18.2%),유동인구 중심 (49.0%),19.88,8.25
뚝섬,한식뷔페,"남성 30대이(가) 주로 찾는 유동인구 중심의 시장으로, 재방문 고객(48.5%) 비중이 높은 곳입니다.",남성 30대 (26.4%),유동인구 중심 (48.8%),48.53,6.5
뚝섬,한정식,"여성 20대이하, 여성 30대이(가) 주로 찾는 직장 중심의 시장으로, 신규 고객(100.0%) 유입이 활발한 곳입니다.","여성 20대이하 (24.0%), 여성 30대 (24.0%)",직장 중심 (60.0%),0.0,100.0
뚝섬,햄버거,"남성 30대이(가) 주로 찾는 유동인구 중심의 시장으로, 신규 고객(22.1%) 유입이 활발한 곳입니다.",남성 30대 (22.3%),유동인구 중심 (57.7%),13.21,22.06
뚝섬,호프/맥주,"남성 30대이(가) 주로 찾는 유동인구 중심의 시장으로, 재방문 고객(11.3%) 비중이 높은 곳입니다.",남성 30대 (21.4%),유동인구 중심 (59.2%),11.3,10.93
마장동,건강식품,"여성 60대이상이(가) 주로 찾는 유동인구 중심의 시장으로, 신규 고객(14.3%) 유입이 활발한 곳입니다.",여성 60대이상 (100.0%),유동인구 중심 (100.0%),0.0,14.29
마장동,꼬치구이,"남성 30대, 남성 50대이(가) 주로 찾는 거주 중심의 시장으로, 재방문 고객(24.8%) 비중이 높은 곳입니다.","남성 30대 (19.9%), 남성 50대 (18.1%)",거주 중심 (40.5%),24.77,6.76
마장동,농산물,"여성 60대이상이(가) 주로 찾는 유동인구 중심의 시장으로, 재방문 고객(23.6%) 비중이 높은 곳입니다.",여성 60대이상 (20.9%),유동인구 중심 (63.2%),23.61,8.47
마장동,도시락,"남성 40대이(가) 주로 찾는 유동인구 중심의 시장으로, 재방문 고객(33.2%) 비중이 높은 곳입니다.",남성 40대 (38.9%),유동인구 중심 (48.9%),33.21,5.83
마장동,떡/한과 제조,"여성 50대, 여성 60대이상이(가) 주로 찾는 거주 중심의 시장으로, 재방문 고객(21.2%) 비중이 높은 곳입니다.","여성 50대 (18.4%), 여성 60대이상 (16.8%)",거주 중심 (72.0%),21.2,18.81
마장동,룸살롱/단란주점,"남성 50대이(가) 주로 찾는 유동인구 중심의 시장으로, 재방문 고객(17.0%) 비중이 높은 곳입니다.",남성 50대 (28.2%),유동인구 중심 (60.0%),17.01,8.83
마장동,반찬,"여성 40대, 여성 50대이(가) 주로 찾는 거주 중심의 시장으로, 재방문 고객(38.7%) 비중이 높은 곳입니다.","여성 40대 (15.6%), 여성 50대 (17.0%)",거주 중심 (74.6%),38.67,8.48
마장동,백반/가정식,"남성 50대, 남성 60대이상이(가) 주로 찾는 유동인구 중심의 시장으로, 재방문 고객(35.0%) 비중이 높은 곳입니다.","남성 50대 (19.9%), 남성 60대이상 (20.8%)",유동인구 중심 (56.9%),34.95,8.45
마장동,베이커리,"여성 30대, 여성 40대, 여성 50대이(가) 주로 찾는 거주 중심의 시장으로, 재방문 고객(33.5%) 비중이 높은 곳입니다.","여성 30대 (14.0%), 여성 40대 (12.3%), 여성 50대 (13.2%)",거주 중심 (48.9%),33.52,11.26
마장동,분식,"남성 30대, 남성 40대, 남성 50대, 여성 30대, 여성 40대이(가) 주로 찾는 거주 중심의 시장으로, 재방문 고객(32.3%) 비중이 높은 곳입니다.","남성 30대 (12.1%), 남성 40대 (13.0%), 남성 50대 (11.1%), 여성 30대 (11.1%), 여성 40대 (12.8%)",거주 중심 (43.7%),32.28,8.18
마장동,식료품,"남성 50대, 남성 60대이상이(가) 주로 찾는 유동인구 중심의 시장으로, 재방문 고객(40.7%) 비중이 높은 곳입니다.","남성 50대 (13.3%), 남성 60대이상 (14.9%)",유동인구 중심 (58.3%),40.67,9.12
마장동,식품 제조,"남성 50대이(가) 주로 찾는 유동인구 중심의 시장으로, 재방문 고객(18.9%) 비중이 높은 곳입니다.",남성 50대 (58.0%),유동인구 중심 (100.0%),18.94,7.58
마장동,아이스크림/빙수,"남성 20대이하, 여성 20대이하이(가) 주로 찾는 거주 중심의 시장으로, 재방문 고객(45.0%) 비중이 높은 곳입니다.","남성 20대이하 (17.4%), 여성 20대이하 (18.0%)",거주 중심 (67.9%),44.98,12.46
마장동,양식,"남성 50대이(가) 주로 찾는 거주 중심의 시장으로, 재방문 고객(32.8%) 비중이 높은 곳입니다.",남성 50대 (36.5%),거주 중심 (54.5%),32.81,16.45
마장동,요리주점,"남성 30대이(가) 주로 찾는 유동인구 중심의 시장으로, 재방문 고객(17.7%) 비중이 높은 곳입니다.",남성 30대 (15.5%),유동인구 중심 (49.7%),17.73,10.61
마장동,유제품,"남성 40대이(가) 주로 찾는 거주 중심의 시장으로, 신규 고객(6.2%) 유입이 활발한 곳입니다.",남성 40대 (100.0%),거주 중심 (100.0%),6.25,6.25
마장동,이자카야,"남성 30대이(가) 주로 찾는 유동인구 중심의 시장으로, 신규 고객(27.0%) 유입이 활발한 곳입니다.",남성 30대 (17.5%),유동인구 중심 (59.0%),24.0,27.03
마장동,인삼제품,"여성 30대이(가) 주로 찾는 거주 중심의 시장으로, 재방문 고객(35.2%) 비중이 높은 곳입니다.",여성 30대 (26.2%),거주 중심 (59.0%),35.18,8.32
마장동,일식당,"남성 30대, 남성 40대이(가) 주로 찾는 유동인구 중심의 시장으로, 재방문 고객(21.0%) 비중이 높은 곳입니다.","남성 30대 (15.4%), 남성 40대 (13.7%)",유동인구 중심 (56.8%),21.02,9.81
마장동,주류,"남성 20대이하, 남성 30대이(가) 주로 찾는 거주 중심의 시장으로, 재방문 고객(34.4%) 비중이 높은 곳입니다.","남성 20대이하 (14.6%), 남성 30대 (15.2%)",거주 중심 (64.2%),34.37,5.67
마장동,중식당,"남성 40대, 남성 50대이(가) 주로 찾는 거주 중심의 시장으로, 재방문 고객(34.0%) 비중이 높은 곳입니다.","남성 40대 (15.9%), 남성 50대 (15.8%)",거주 중심 (45.1%),33.98,6.5
마장동,청과물,"남성 60대이상이(가) 주로 찾는 거주 중심의 시장으로, 재방문 고객(35.5%) 비중이 높은 곳입니다.",남성 60대이상 (23.4%),거주 중심 (47.9%),35.51,8.17
마장동,축산물,"남성 60대이상, 여성 60대이상이(가) 주로 찾는 유동인구 중심의 시장으로, 재방문 고객(23.6%) 비중이 높은 곳입니다.","남성 60대이상 (22.8%), 여성 60대이상 (21.8%)",유동인구 중심 (80.9%),23.63,8.9
마장동,치킨,"남성 30대, 남성 40대, 남성 50대이(가) 주로 찾는 거주 중심의 시장으로, 재방문 고객(24.6%) 비중이 높은 곳입니다.","남성 30대 (13.8%), 남성 40대 (15.8%), 남성 50대 (14.8%)",거주 중심 (55.3%),24.59,11.85
마장동,카페,"남성 30대, 여성 20대이하, 여성 30대이(가) 주로 찾는 유동인구 중심의 시장으로, 재방문 고객(27.7%) 비중이 높은 곳입니다.","남성 30대 (14.4%), 여성 20대이하 (15.0%), 여성 30대 (13.6%)",유동인구 중심 (48.0%),27.65,11.07
마장동,커피전문점,"남성 30대이(가) 주로 찾는 유동인구 중심의 시장으로, 재방문 고객(29.3%) 비중이 높은 곳입니다.",남성 30대 (16.5%),유동인구 중심 (51.4%),29.25,10.51
마장동,포장마차,"남성 30대, 남성 40대이(가) 주로 찾는 유동인구 중심의 시장으로, 재방문 고객(17.6%) 비중이 높은 곳입니다.","남성 30대 (19.4%), 남성 40대 (20.0%)",유동인구 중심 (49.2%),17.62,6.93
마장동,피자,"남성 30대, 남성 40대, 남성 50대, 여성 40대이(가) 주로 찾는 거주 중심의 시장으로, 재방문 고객(25.2%) 비중이 높은 곳입니다.","남성 30대 (13.0%), 남성 40대 (14.1%), 남성 50대 (12.9%), 여성 40대 (12.2%)",거주 중심 (51.8%),25.18,12.49
마장동,한식-감자탕,"남성 50대이(가) 주로 찾는 거주 중심의 시장으로, 재방문 고객(32.1%) 비중이 높은 곳입니다.",남성 50대 (19.9%),거주 중심 (46.3%),32.07,11.4
마장동,한식-국밥/설렁탕,"남성 60대이상이(가) 주로 찾는 유동인구 중심의 시장으로, 재방문 고객(36.6%) 비중이 높은 곳입니다.",남성 60대이상 (31.4%),유동인구 중심 (52.7%),36.55,11.1
마장동,한식-국수/만두,"남성 30대, 남성 40대, 여성 30대, 여성 40대이(가) 주로 찾는 유동인구 중심의 시장으로, 재방문 고객(31.1%) 비중이 높은 곳입니다.","남성 30대 (13.0%), 남성 40대 (13.3%), 여성 30대 (12.2%), 여성 40대 (13.0%)",유동인구 중심 (49.7%),31.07,6.48
마장동,한식-냉면,"남성 60대이상이(가) 주로 찾는 거주 중심의 시장으로, 재방문 고객(21.5%) 비중이 높은 곳입니다.",남성 60대이상 (20.4%),거주 중심 (47.9%),21.46,6.8
마장동,한식-단품요리일반,"남성 50대, 여성 50대이(가) 주로 찾는 유동인구 중심의 시장으로, 재방문 고객(22.5%) 비중이 높은 곳입니다.","남성 50대 (14.8%), 여성 50대 (15.4%)",유동인구 중심 (58.4%),22.45,12.42
마장동,한식-육류/고기,"남성 30대, 남성 40대, 남성 50대이(가) 주로 찾는 유동인구 중심의 시장으로, 재방문 고객(18.2%) 비중이 높은 곳입니다.","남성 30대 (15.8%), 남성 40대 (14.8%), 남성 50대 (16.8%)",유동인구 중심 (63.0%),18.19,9.14
마장동,한식-찌개/전골,"남성 60대이상이(가) 주로 찾는 유동인구 중심의 시장으로, 재방문 고객(25.1%) 비중이 높은 곳입니다.",남성 60대이상 (22.7%),유동인구 중심 (52.5%),25.06,8.44
마장동,한식-해물/생선,"남성 60대이상이(가) 주로 찾는 유동인구 중심의 시장으로, 재방문 고객(18.4%) 비중이 높은 곳입니다.",남성 60대이상 (20.7%),유동인구 중심 (53.5%),18.37,9.59
마장동,햄버거,"남성 30대이(가) 주로 찾는 거주 중심의 시장으로, 신규 고객(22.2%) 유입이 활발한 곳입니다.",남성 30대 (25.4%),거주 중심 (56.0%),12.33,22.16
마장동,호프/맥주,"남성 50대이(가) 주로 찾는 유동인구 중심의 시장으로, 재방문 고객(18.4%) 비중이 높은 곳입니다.",남성 50대 (20.6%),유동인구 중심 (49.6%),18.41,7.83
미아사거리,양식,"남성 50대, 여성 50대이(가) 주로 찾는 유동인구 중심의 시장으로, 신규 고객(28.5%) 유입이 활발한 곳입니다.","남성 50대 (33.0%), 여성 50대 (34.9%)",유동인구 중심 (100.0%),0.0,28.54
방배역,커피전문점,"여성 20대이하, 여성 30대이(가) 주로 찾는 유동인구 중심의 시장으로, 재방문 고객(23.4%) 비중이 높은 곳입니다.","여성 20대이하 (27.6%), 여성 30대 (26.0%)",유동인구 중심 (97.0%),23.35,8.25
성수,건강원,"여성 60대이상이(가) 주로 찾는 거주 중심의 시장으로, 재방문 고객(24.3%) 비중이 높은 곳입니다.",여성 60대이상 (32.6%),거주 중심 (64.0%),24.32,8.8
성수,기타세계요리,"여성 20대이하이(가) 주로 찾는 유동인구 중심의 시장으로, 재방문 고객(21.3%) 비중이 높은 곳입니다.",여성 20대이하 (31.2%),유동인구 중심 (61.3%),21.34,17.96
성수,꼬치구이,"남성 30대이(가) 주로 찾는 유동인구 중심의 시장으로, 재방문 고객(11.4%) 비중이 높은 곳입니다.",남성 30대 (22.7%),유동인구 중심 (65.0%),11.37,8.77
성수,농산물,"여성 60대이상이(가) 주로 찾는 유동인구 중심의 시장으로, 재방문 고객(30.3%) 비중이 높은 곳입니다.",여성 60대이상 (36.1%),유동인구 중심 (46.9%),30.33,6.56
성수,담배,"남성 30대이(가) 주로 찾는 유동인구 중심의 시장으로, 재방문 고객(32.9%) 비중이 높은 곳입니다.",남성 30대 (37.4%),유동인구 중심 (46.7%),32.95,6.24
성수,동남아/인도음식,"여성 20대이하, 여성 30대이(가) 주로 찾는 유동인구 중심의 시장으로, 재방문 고객(18.5%) 비중이 높은 곳입니다.","여성 20대이하 (22.9%), 여성 30대 (21.1%)",유동인구 중심 (64.3%),18.5,10.38
성수,떡/한과,"여성 30대이(가) 주로 찾는 유동인구 중심의 시장으로, 재방문 고객(15.9%) 비중이 높은 곳입니다.",여성 30대 (24.4%),유동인구 중심 (70.7%),15.94,11.48
성수,떡/한과 제조,"여성 60대이상이(가) 주로 찾는 거주 중심의 시장으로, 재방문 고객(30.9%) 비중이 높은 곳입니다.",여성 60대이상 (22.3%),거주 중심 (59.1%),30.93,6.98
성수,룸살롱/단란주점,"남성 50대이(가) 주로 찾는 유동인구 중심의 시장으로, 재방문 고객(29.5%) 비중이 높은 곳입니다.",남성 50대 (26.3%),유동인구 중심 (43.0%),29.47,10.82
성수,미곡상,"남성 50대, 남성 60대이상이(가) 주로 찾는 거주 중심의 시장으로, 재방문 고객(32.6%) 비중이 높은 곳입니다.","남성 50대 (15.6%), 남성 60대이상 (15.6%)",거주 중심 (39.8%),32.58,5.01
성수,민속주점,"남성 30대이(가) 주로 찾는 유동인구 중심의 시장으로, 재방문 고객(18.6%) 비중이 높은 곳입니다.",남성 30대 (20.3%),유동인구 중심 (55.8%),18.62,7.52
성수,반찬,"남성 60대이상이(가) 주로 찾는 거주 중심의 시장으로, 재방문 고객(26.4%) 비중이 높은 곳입니다.",남성 60대이상 (22.3%),거주 중심 (67.9%),26.41,7.49
성수,백반/가정식,"남성 30대, 남성 50대, 남성 60대이상이(가) 주로 찾는 유동인구 중심의 시장으로, 재방문 고객(29.3%) 비중이 높은 곳입니다.","남성 30대 (15.0%), 남성 50대 (14.3%), 남성 60대이상 (13.5%)",유동인구 중심 (51.4%),29.28,8.93
성수,베이커리,"여성 20대이하, 여성 30대이(가) 주로 찾는 유동인구 중심의 시장으로, 재방문 고객(22.2%) 비중이 높은 곳입니다.","여성 20대이하 (21.1%), 여성 30대 (20.6%)",유동인구 중심 (57.0%),22.21,12.28
성수,분식,"남성 30대, 여성 30대이(가) 주로 찾는 유동인구 중심의 시장으로, 재방문 고객(34.0%) 비중이 높은 곳입니다.","남성 30대 (15.4%), 여성 30대 (14.2%)",유동인구 중심 (43.2%),33.99,10.53
성수,샌드위치/토스트,"여성 30대이(가) 주로 찾는 유동인구 중심의 시장으로, 재방문 고객(24.8%) 비중이 높은 곳입니다.",여성 30대 (22.5%),유동인구 중심 (65.1%),24.79,11.88
성수,스테이크,"여성 20대이하이(가) 주로 찾는 유동인구 중심의 시장으로, 신규 고객(23.3%) 유입이 활발한 곳입니다.",여성 20대이하 (32.4%),유동인구 중심 (86.4%),1.29,23.26
성수,식료품,"남성 30대, 남성 40대, 여성 40대이(가) 주로 찾는 유동인구 중심의 시장으로, 재방문 고객(30.2%) 비중이 높은 곳입니다.","남성 30대 (13.8%), 남성 40대 (12.7%), 여성 40대 (14.5%)",유동인구 중심 (60.0%),30.19,8.92
성수,식품 제조,"여성 60대이상이(가) 주로 찾는 거주 중심의 시장으로, 재방문 고객(23.2%) 비중이 높은 곳입니다.",여성 60대이상 (27.4%),거주 중심 (62.6%),23.22,7.33
성수,아이스크림/빙수,"여성 20대이하이(가) 주로 찾는 유동인구 중심의 시장으로, 재방문 고객(24.5%) 비중이 높은 곳입니다.",여성 20대이하 (23.9%),유동인구 중심 (62.8%),24.49,14.83
성수,양식,"여성 20대이하이(가) 주로 찾는 유동인구 중심의 시장으로, 신규 고객(13.9%) 유입이 활발한 곳입니다.",여성 20대이하 (24.1%),유동인구 중심 (80.8%),10.31,13.9
성수,와인바,"여성 20대이하이(가) 주로 찾는 유동인구 중심의 시장으로, 신규 고객(11.8%) 유입이 활발한 곳입니다.",여성 20대이하 (24.1%),유동인구 중심 (83.3%),7.97,11.81
성수,와인샵,"여성 20대이하이(가) 주로 찾는 유동인구 중심의 시장으로, 재방문 고객(15.2%) 비중이 높은 곳입니다.",여성 20대이하 (40.2%),유동인구 중심 (87.0%),15.23,8.51
성수,요리주점,"남성 20대이하, 남성 30대, 여성 20대이하이(가) 주로 찾는 유동인구 중심의 시장으로, 재방문 고객(18.6%) 비중이 높은 곳입니다.","남성 20대이하 (17.9%), 남성 30대 (17.7%), 여성 20대이하 (18.0%)",유동인구 중심 (70.0%),18.55,10.97
성수,이자카야,"남성 20대이하, 여성 20대이하이(가) 주로 찾는 유동인구 중심의 시장으로, 신규 고객(16.6%) 유입이 활발한 곳입니다.","남성 20대이하 (21.2%), 여성 20대이하 (21.9%)",유동인구 중심 (74.6%),9.09,16.63
성수,인삼제품,"여성 50대이(가) 주로 찾는 거주 중심의 시장으로, 신규 고객(12.3%) 유입이 활발한 곳입니다.",여성 50대 (26.3%),거주 중심 (45.3%),9.74,12.29
성수,일반 유흥주점,"여성 20대이하이(가) 주로 찾는 유동인구 중심의 시장으로, 재방문 고객(17.2%) 비중이 높은 곳입니다.",여성 20대이하 (24.5%),유동인구 중심 (75.6%),17.16,11.83
성수,일식-덮밥/돈가스,"남성 30대이(가) 주로 찾는 유동인구 중심의 시장으로, 재방문 고객(23.5%) 비중이 높은 곳입니다.",남성 30대 (22.6%),유동인구 중심 (58.3%),23.54,11.45
성수,일식-우동/소바/라면,"남성 20대이하, 남성 30대, 여성 20대이하, 여성 30대이(가) 주로 찾는 유동인구 중심의 시장으로, 재방문 고객(18.7%) 비중이 높은 곳입니다.","남성 20대이하 (18.9%), 남성 30대 (17.3%), 여성 20대이하 (18.4%), 여성 30대 (16.9%)",유동인구 중심 (69.2%),18.74,14.6
성수,일식-참치회,"남성 40대이(가) 주로 찾는 유동인구 중심의 시장으로, 재방문 고객(18.3%) 비중이 높은 곳입니다.",남성 40대 (26.4%),유동인구 중심 (40.5%),18.31,7.53
성수,일식-초밥/롤,"남성 20대이하, 남성 30대, 여성 30대이(가) 주로 찾는 유동인구 중심의 시장으로, 재방문 고객(21.0%) 비중이 높은 곳입니다.","남성 20대이하 (14.5%), 남성 30대 (15.6%), 여성 30대 (14.8%)",유동인구 중심 (52.0%),21.04,9.59
성수,일식당,"남성 20대이하, 남성 30대, 여성 20대이하이(가) 주로 찾는 유동인구 중심의 시장으로, 재방문 고객(15.8%) 비중이 높은 곳입니다.","남성 20대이하 (18.5%), 남성 30대 (18.2%), 여성 20대이하 (19.4%)",유동인구 중심 (66.4%),15.78,11.48
성수,주류,"남성 30대이(가) 주로 찾는 유동인구 중심의 시장으로, 재방문 고객(17.6%) 비중이 높은 곳입니다.",남성 30대 (35.0%),유동인구 중심 (60.0%),17.62,5.8
성수,중식-딤섬/중식만두,"여성 20대이하, 여성 30대이(가) 주로 찾는 유동인구 중심의 시장으로, 신규 고객(66.2%) 유입이 활발한 곳입니다.","여성 20대이하 (23.9%), 여성 30대 (23.5%)",유동인구 중심 (70.6%),11.98,66.2
성수,중식당,"남성 30대이(가) 주로 찾는 유동인구 중심의 시장으로, 재방문 고객(32.0%) 비중이 높은 곳입니다.",남성 30대 (19.4%),유동인구 중심 (50.5%),32.01,8.18
성수,청과물,"여성 50대, 여성 60대이상이(가) 주로 찾는 유동인구 중심의 시장으로, 재방문 고객(20.4%) 비중이 높은 곳입니다.","여성 50대 (16.8%), 여성 60대이상 (18.6%)",유동인구 중심 (63.6%),20.43,8.75
성수,축산물,"여성 60대이상이(가) 주로 찾는 거주 중심의 시장으로, 재방문 고객(40.4%) 비중이 높은 곳입니다.",여성 60대이상 (22.9%),거주 중심 (71.6%),40.38,10.08
성수,치킨,"남성 30대, 남성 50대이(가) 주로 찾는 거주 중심의 시장으로, 재방문 고객(24.0%) 비중이 높은 곳입니다.","남성 30대 (13.7%), 남성 50대 (15.4%)",거주 중심 (49.9%),24.04,7.61
성수,카페,"여성 20대이하이(가) 주로 찾는 유동인구 중심의 시장으로, 재방문 고객(24.3%) 비중이 높은 곳입니다.",여성 20대이하 (23.8%),유동인구 중심 (66.1%),24.27,11.77
성수,커피전문점,"남성 30대이(가) 주로 찾는 유동인구 중심의 시장으로, 재방문 고객(32.6%) 비중이 높은 곳입니다.",남성 30대 (20.0%),유동인구 중심 (58.3%),32.62,10.37
성수,포장마차,"남성 30대, 남성 50대이(가) 주로 찾는 거주 중심의 시장으로, 재방문 고객(24.0%) 비중이 높은 곳입니다.","남성 30대 (17.0%), 남성 50대 (15.4%)",거주 중심 (52.9%),24.05,10.67
성수,피자,"남성 20대이하, 남성 30대, 여성 20대이하이(가) 주로 찾는 유동인구 중심의 시장으로, 재방문 고객(21.3%) 비중이 높은 곳입니다.","남성 20대이하 (15.3%), 남성 30대 (14.8%), 여성 20대이하 (15.6%)",유동인구 중심 (54.1%),21.28,7.32
성수,한식-감자탕,"여성 20대이하이(가) 주로 찾는 유동인구 중심의 시장으로, 재방문 고객(9.9%) 비중이 높은 곳입니다.",여성 20대이하 (30.5%),유동인구 중심 (85.3%),9.87,8.25
성수,한식-국밥/설렁탕,"남성 30대, 남성 50대, 남성 60대이상이(가) 주로 찾는 유동인구 중심의 시장으로, 재방문 고객(31.3%) 비중이 높은 곳입니다.","남성 30대 (17.4%), 남성 50대 (15.7%), 남성 60대이상 (15.4%)",유동인구 중심 (46.3%),31.29,10.23
성수,한식-국수/만두,"남성 30대이(가) 주로 찾는 유동인구 중심의 시장으로, 재방문 고객(25.5%) 비중이 높은 곳입니다.",남성 30대 (16.1%),유동인구 중심 (48.0%),25.48,9.19
성수,한식-냉면,"남성 30대, 남성 40대, 남성 50대이(가) 주로 찾는 유동인구 중심의 시장으로, 재방문 고객(28.6%) 비중이 높은 곳입니다.","남성 30대 (16.9%), 남성 40대 (15.0%), 남성 50대 (15.7%)",유동인구 중심 (48.4%),28.6,6.09
성수,한식-단품요리일반,"남성 30대이(가) 주로 찾는 유동인구 중심의 시장으로, 재방문 고객(25.1%) 비중이 높은 곳입니다.",남성 30대 (16.0%),유동인구 중심 (58.0%),25.07,9.44
성수,한식-육류/고기,"남성 30대이(가) 주로 찾는 유동인구 중심의 시장으로, 재방문 고객(23.7%) 비중이 높은 곳입니다.",남성 30대 (18.7%),유동인구 중심 (50.6%),23.68,9.35
성수,한식-죽,"남성 30대, 여성 30대이(가) 주로 찾는 직장 중심의 시장으로, 재방문 고객(28.1%) 비중이 높은 곳입니다.","남성 30대 (12.8%), 여성 30대 (14.3%)",직장 중심 (35.6%),28.08,6.52
성수,한식-찌개/전골,"남성 30대이(가) 주로 찾는 유동인구 중심의 시장으로, 재방문 고객(26.9%) 비중이 높은 곳입니다.",남성 30대 (18.6%),유동인구 중심 (45.5%),26.88,11.4
성수,한식-해물/생선,"남성 50대, 남성 60대이상이(가) 주로 찾는 유동인구 중심의 시장으로, 재방문 고객(22.2%) 비중이 높은 곳입니다.","남성 50대 (16.3%), 남성 60대이상 (15.2%)",유동인구 중심 (47.7%),22.18,7.52
성수,한식뷔페,"남성 30대이(가) 주로 찾는 유동인구 중심의 시장으로, 재방문 고객(43.6%) 비중이 높은 곳입니다.",남성 30대 (27.2%),유동인구 중심 (60.0%),43.62,8.25
성수,한정식,"남성 30대, 남성 50대이(가) 주로 찾는 유동인구 중심의 시장으로, 재방문 고객(43.3%) 비중이 높은 곳입니다.","남성 30대 (19.0%), 남성 50대 (18.6%)",유동인구 중심 (42.7%),43.31,14.33
성수,햄버거,"남성 20대이하, 남성 30대이(가) 주로 찾는 유동인구 중심의 시장으로, 재방문 고객(22.8%) 비중이 높은 곳입니다.","남성 20대이하 (20.3%), 남성 30대 (19.8%)",유동인구 중심 (64.4%),22.84,10.65
성수,호프/맥주,"남성 30대, 남성 60대이상이(가) 주로 찾는 유동인구 중심의 시장으로, 재방문 고객(22.7%) 비중이 높은 곳입니다.","남성 30대 (18.2%), 남성 60대이상 (18.8%)",유동인구 중심 (55.7%),22.67,9.06
신금호,건강원,"남성 60대이상, 여성 50대이(가) 주로 찾는 거주 중심의 시장으로, 재방문 고객(15.0%) 비중이 높은 곳입니다.","남성 60대이상 (28.7%), 여성 50대 (28.3%)",거주 중심 (45.0%),15.0,6.54
신금호,기타세계요리,"남성 30대, 여성 30대이(가) 주로 찾는 거주 중심의 시장으로, 재방문 고객(19.8%) 비중이 높은 곳입니다.","남성 30대 (17.8%), 여성 30대 (19.0%)",거주 중심 (67.8%),19.77,7.16
신금호,농산물,"여성 60대이상이(가) 주로 찾는 유동인구 중심의 시장으로, 신규 고객(100.0%) 유입이 활발한 곳입니다.",여성 60대이상 (63.9%),유동인구 중심 (100.0%),42.11,100.0
신금호,떡/한과 제조,"여성 50대, 여성 60대이상이(가) 주로 찾는 거주 중심의 시장으로, 재방문 고객(35.8%) 비중이 높은 곳입니다.","여성 50대 (17.9%), 여성 60대이상 (19.3%)",거주 중심 (71.3%),35.79,6.39
신금호,미곡상,"여성 60대이상이(가) 주로 찾는 거주 중심의 시장으로, 재방문 고객(67.4%) 비중이 높은 곳입니다.",여성 60대이상 (95.0%),거주 중심 (100.0%),67.36,0.0
신금호,반찬,"여성 40대이(가) 주로 찾는 거주 중심의 시장으로, 재방문 고객(51.9%) 비중이 높은 곳입니다.",여성 40대 (29.2%),거주 중심 (72.7%),51.94,4.93
신금호,백반/가정식,"남성 60대이상이(가) 주로 찾는 거주 중심의 시장으로, 재방문 고객(31.9%) 비중이 높은 곳입니다.",남성 60대이상 (26.2%),거주 중심 (55.6%),31.85,6.11
신금호,베이커리,"여성 30대, 여성 40대이(가) 주로 찾는 거주 중심의 시장으로, 재방문 고객(41.0%) 비중이 높은 곳입니다.","여성 30대 (17.0%), 여성 40대 (16.7%)",거주 중심 (67.5%),41.04,5.73
신금호,분식,"여성 40대이(가) 주로 찾는 거주 중심의 시장으로, 재방문 고객(38.8%) 비중이 높은 곳입니다.",여성 40대 (15.9%),거주 중심 (60.1%),38.78,9.01
신금호,식료품,"남성 50대이(가) 주로 찾는 유동인구 중심의 시장으로, 재방문 고객(52.4%) 비중이 높은 곳입니다.",남성 50대 (31.2%),유동인구 중심 (71.2%),52.44,11.91
신금호,아이스크림/빙수,"여성 40대이(가) 주로 찾는 거주 중심의 시장으로, 재방문 고객(47.4%) 비중이 높은 곳입니다.",여성 40대 (14.2%),거주 중심 (73.6%),47.43,5.53
신금호,양식,"남성 50대이(가) 주로 찾는 거주 중심의 시장으로, 재방문 고객(28.8%) 비중이 높은 곳입니다.",남성 50대 (17.3%),거주 중심 (65.0%),28.82,8.97
신금호,요리주점,"남성 40대이(가) 주로 찾는 거주 중심의 시장으로, 재방문 고객(6.1%) 비중이 높은 곳입니다.",남성 40대 (20.4%),거주 중심 (68.1%),6.13,6.06
신금호,일식-초밥/롤,"남성 40대, 여성 40대이(가) 주로 찾는 거주 중심의 시장으로, 재방문 고객(27.3%) 비중이 높은 곳입니다.","남성 40대 (12.3%), 여성 40대 (14.0%)",거주 중심 (57.6%),27.3,6.5
신금호,일식당,"남성 30대, 남성 50대이(가) 주로 찾는 유동인구 중심의 시장으로, 재방문 고객(18.5%) 비중이 높은 곳입니다.","남성 30대 (16.4%), 남성 50대 (17.9%)",유동인구 중심 (49.9%),18.53,13.39
신금호,중식당,"여성 20대이하이(가) 주로 찾는 거주 중심의 시장으로, 재방문 고객(44.3%) 비중이 높은 곳입니다.",여성 20대이하 (30.1%),거주 중심 (65.5%),44.29,10.55
신금호,청과물,"여성 60대이상이(가) 주로 찾는 거주 중심의 시장으로, 재방문 고객(39.9%) 비중이 높은 곳입니다.",여성 60대이상 (23.6%),거주 중심 (62.6%),39.9,7.04
신금호,축산물,"여성 60대이상이(가) 주로 찾는 거주 중심의 시장으로, 재방문 고객(50.3%) 비중이 높은 곳입니다.",여성 60대이상 (28.0%),거주 중심 (82.8%),50.29,8.41
신금호,치킨,"남성 50대이(가) 주로 찾는 거주 중심의 시장으로, 재방문 고객(30.1%) 비중이 높은 곳입니다.",남성 50대 (18.1%),거주 중심 (71.3%),30.08,8.04
신금호,카페,"여성 30대이(가) 주로 찾는 거주 중심의 시장으로, 재방문 고객(37.1%) 비중이 높은 곳입니다.",여성 30대 (21.4%),거주 중심 (67.0%),37.15,8.71
신금호,커피전문점,"여성 30대, 여성 40대이(가) 주로 찾는 거주 중심의 시장으로, 재방문 고객(37.1%) 비중이 높은 곳입니다.","여성 30대 (14.4%), 여성 40대 (13.7%)",거주 중심 (60.8%),37.12,12.16
신금호,포장마차,"남성 60대이상이(가) 주로 찾는 거주 중심의 시장으로, 재방문 고객(33.7%) 비중이 높은 곳입니다.",남성 60대이상 (25.8%),거주 중심 (63.2%),33.71,14.26
신금호,피자,"남성 20대이하, 남성 50대이(가) 주로 찾는 거주 중심의 시장으로, 재방문 고객(34.9%) 비중이 높은 곳입니다.","남성 20대이하 (15.1%), 남성 50대 (13.7%)",거주 중심 (76.2%),34.91,5.8
신금호,한식-감자탕,"남성 50대, 남성 60대이상이(가) 주로 찾는 거주 중심의 시장으로, 재방문 고객(39.2%) 비중이 높은 곳입니다.","남성 50대 (18.7%), 남성 60대이상 (18.2%)",거주 중심 (62.9%),39.19,6.28
신금호,한식-국밥/설렁탕,"남성 50대, 남성 60대이상이(가) 주로 찾는 거주 중심의 시장으로, 재방문 고객(31.4%) 비중이 높은 곳입니다.","남성 50대 (16.1%), 남성 60대이상 (16.9%)",거주 중심 (62.8%),31.42,8.37
신금호,한식-국수/만두,"여성 50대, 여성 60대이상이(가) 주로 찾는 거주 중심의 시장으로, 재방문 고객(20.7%) 비중이 높은 곳입니다.","여성 50대 (14.8%), 여성 60대이상 (14.9%)",거주 중심 (56.4%),20.72,14.63
신금호,한식-냉면,"남성 50대이(가) 주로 찾는 거주 중심의 시장으로, 재방문 고객(27.4%) 비중이 높은 곳입니다.",남성 50대 (15.9%),거주 중심 (62.5%),27.43,6.71
신금호,한식-단품요리일반,"남성 30대, 남성 40대, 남성 50대이(가) 주로 찾는 거주 중심의 시장으로, 재방문 고객(28.6%) 비중이 높은 곳입니다.","남성 30대 (14.4%), 남성 40대 (12.6%), 남성 50대 (12.6%)",거주 중심 (54.6%),28.64,13.28
신금호,한식-육류/고기,"남성 40대, 남성 50대이(가) 주로 찾는 거주 중심의 시장으로, 재방문 고객(23.6%) 비중이 높은 곳입니다.","남성 40대 (15.5%), 남성 50대 (14.8%)",거주 중심 (61.7%),23.64,7.37
신금호,한식-죽,"여성 40대, 여성 50대이(가) 주로 찾는 거주 중심의 시장으로, 재방문 고객(28.7%) 비중이 높은 곳입니다.","여성 40대 (14.1%), 여성 50대 (13.8%)",거주 중심 (69.3%),28.7,5.94
신금호,한식-찌개/전골,"남성 30대, 남성 40대이(가) 주로 찾는 거주 중심의 시장으로, 재방문 고객(19.6%) 비중이 높은 곳입니다.","남성 30대 (14.1%), 남성 40대 (15.9%)",거주 중심 (47.9%),19.63,7.6
신금호,한식-해물/생선,"여성 60대이상이(가) 주로 찾는 거주 중심의 시장으로, 재방문 고객(26.7%) 비중이 높은 곳입니다.",여성 60대이상 (30.9%),거주 중심 (60.1%),26.74,6.17
신금호,햄버거,"남성 20대이하, 남성 30대, 남성 40대이(가) 주로 찾는 거주 중심의 시장으로, 재방문 고객(40.8%) 비중이 높은 곳입니다.","남성 20대이하 (14.0%), 남성 30대 (13.7%), 남성 40대 (13.0%)",거주 중심 (58.5%),40.82,5.77
신금호,호프/맥주,"남성 40대이(가) 주로 찾는 거주 중심의 시장으로, 재방문 고객(22.4%) 비중이 높은 곳입니다.",남성 40대 (17.2%),거주 중심 (58.9%),22.41,7.03
압구정로데오,건강식품,"여성 50대이(가) 주로 찾는 거주 중심의 시장으로, 신규 고객(17.6%) 유입이 활발한 곳입니다.",여성 50대 (74.5%),거주 중심 (50.0%),8.82,17.65
옥수,농산물,"여성 60대이상이(가) 주로 찾는 유동인구 중심의 시장으로, 재방문 고객(26.3%) 비중이 높은 곳입니다.",여성 60대이상 (24.9%),유동인구 중심 (83.1%),26.34,9.9
옥수,동남아/인도음식,"남성 40대, 여성 30대, 여성 40대이(가) 주로 찾는 거주 중심의 시장으로, 재방문 고객(25.3%) 비중이 높은 곳입니다.","남성 40대 (13.0%), 여성 30대 (13.3%), 여성 40대 (14.5%)",거주 중심 (60.6%),25.26,10.24
옥수,떡/한과,"여성 50대이(가) 주로 찾는 거주 중심의 시장으로, 재방문 고객(35.9%) 비중이 높은 곳입니다.",여성 50대 (33.8%),거주 중심 (71.3%),35.95,6.36
옥수,떡/한과 제조,"여성 60대이상이(가) 주로 찾는 거주 중심의 시장으로, 재방문 고객(30.3%) 비중이 높은 곳입니다.",여성 60대이상 (25.4%),거주 중심 (75.5%),30.28,6.96
옥수,미곡상,"여성 50대, 여성 60대이상이(가) 주로 찾는 유동인구 중심의 시장으로, 재방문 고객(35.1%) 비중이 높은 곳입니다.","여성 50대 (21.0%), 여성 60대이상 (19.8%)",유동인구 중심 (98.5%),35.09,11.26
옥수,반찬,"여성 60대이상이(가) 주로 찾는 거주 중심의 시장으로, 신규 고객(5.7%) 유입이 활발한 곳입니다.",여성 60대이상 (39.0%),거주 중심 (100.0%),0.0,5.71
옥수,백반/가정식,"남성 40대, 남성 50대, 여성 40대이(가) 주로 찾는 거주 중심의 시장으로, 재방문 고객(30.9%) 비중이 높은 곳입니다.","남성 40대 (14.2%), 남성 50대 (13.1%), 여성 40대 (12.6%)",거주 중심 (49.9%),30.87,9.02
옥수,베이커리,"여성 30대, 여성 40대이(가) 주로 찾는 거주 중심의 시장으로, 재방문 고객(32.6%) 비중이 높은 곳입니다.","여성 30대 (18.3%), 여성 40대 (16.9%)",거주 중심 (59.3%),32.65,6.68
옥수,분식,"여성 40대이(가) 주로 찾는 거주 중심의 시장으로, 재방문 고객(36.7%) 비중이 높은 곳입니다.",여성 40대 (15.9%),거주 중심 (57.4%),36.66,8.38
옥수,수산물,"여성 60대이상이(가) 주로 찾는 거주 중심의 시장으로, 재방문 고객(23.9%) 비중이 높은 곳입니다.",여성 60대이상 (54.1%),거주 중심 (75.1%),23.9,19.29
옥수,식료품,"남성 60대이상이(가) 주로 찾는 유동인구 중심의 시장으로, 재방문 고객(38.7%) 비중이 높은 곳입니다.",남성 60대이상 (21.3%),유동인구 중심 (52.2%),38.65,7.66
옥수,식품 제조,"여성 30대이(가) 주로 찾는 유동인구 중심의 시장으로, 신규 고객(8.3%) 유입이 활발한 곳입니다.",여성 30대 (100.0%),유동인구 중심 (100.0%),0.0,8.33
옥수,아이스크림/빙수,"남성 30대, 남성 40대, 여성 30대, 여성 40대이(가) 주로 찾는 거주 중심의 시장으로, 재방문 고객(44.9%) 비중이 높은 곳입니다.","남성 30대 (14.6%), 남성 40대 (13.1%), 여성 30대 (15.0%), 여성 40대 (13.3%)",거주 중심 (73.4%),44.91,14.77
옥수,양식,"여성 30대이(가) 주로 찾는 유동인구 중심의 시장으로, 재방문 고객(12.4%) 비중이 높은 곳입니다.",여성 30대 (20.2%),유동인구 중심 (57.1%),12.4,10.21
옥수,와인바,"여성 30대이(가) 주로 찾는 유동인구 중심의 시장으로, 신규 고객(16.1%) 유입이 활발한 곳입니다.",여성 30대 (33.5%),유동인구 중심 (66.5%),14.71,16.08
옥수,와인샵,"여성 40대, 여성 60대이상이(가) 주로 찾는 거주 중심의 시장으로, 재방문 고객(35.0%) 비중이 높은 곳입니다.","여성 40대 (18.3%), 여성 60대이상 (17.1%)",거주 중심 (69.7%),34.99,13.05
옥수,요리주점,"남성 30대, 남성 50대이(가) 주로 찾는 유동인구 중심의 시장으로, 재방문 고객(18.9%) 비중이 높은 곳입니다.","남성 30대 (16.6%), 남성 50대 (16.5%)",유동인구 중심 (47.9%),18.86,6.69
옥수,일반 유흥주점,"남성 30대이(가) 주로 찾는 유동인구 중심의 시장으로, 재방문 고객(22.9%) 비중이 높은 곳입니다.",남성 30대 (30.2%),유동인구 중심 (55.6%),22.87,7.77
옥수,일식-덮밥/돈가스,"남성 30대, 남성 40대, 남성 50대, 여성 40대, 여성 50대이(가) 주로 찾는 거주 중심의 시장으로, 재방문 고객(28.5%) 비중이 높은 곳입니다.","남성 30대 (12.3%), 남성 40대 (12.8%), 남성 50대 (13.0%), 여성 40대 (12.1%), 여성 50대 (11.1%)",거주 중심 (58.6%),28.49,6.3
옥수,일식-우동/소바/라면,"남성 30대이(가) 주로 찾는 거주 중심의 시장으로, 신규 고객(25.3%) 유입이 활발한 곳입니다.",남성 30대 (18.8%),거주 중심 (49.0%),23.92,25.31
옥수,일식-참치회,"남성 40대, 남성 50대, 남성 60대이상이(가) 주로 찾는 거주 중심의 시장으로, 재방문 고객(26.2%) 비중이 높은 곳입니다.","남성 40대 (18.8%), 남성 50대 (18.9%), 남성 60대이상 (19.1%)",거주 중심 (50.8%),26.2,6.07
옥수,일식-초밥/롤,"남성 60대이상이(가) 주로 찾는 거주 중심의 시장으로, 신규 고객(26.7%) 유입이 활발한 곳입니다.",남성 60대이상 (26.0%),거주 중심 (48.3%),18.42,26.66
옥수,일식당,"남성 30대이(가) 주로 찾는 유동인구 중심의 시장으로, 재방문 고객(20.6%) 비중이 높은 곳입니다.",남성 30대 (17.5%),유동인구 중심 (59.5%),20.56,9.34
옥수,주류,"남성 30대이(가) 주로 찾는 유동인구 중심의 시장으로, 재방문 고객(26.0%) 비중이 높은 곳입니다.",남성 30대 (28.5%),유동인구 중심 (70.6%),25.95,8.06
옥수,주스,"여성 20대이하, 여성 30대, 여성 40대이(가) 주로 찾는 거주 중심의 시장으로, 신규 고객(37.4%) 유입이 활발한 곳입니다.","여성 20대이하 (12.0%), 여성 30대 (13.0%), 여성 40대 (12.2%)",거주 중심 (62.3%),23.77,37.43
옥수,중식당,"남성 40대, 남성 50대이(가) 주로 찾는 거주 중심의 시장으로, 재방문 고객(30.4%) 비중이 높은 곳입니다.","남성 40대 (15.0%), 남성 50대 (15.2%)",거주 중심 (58.6%),30.45,5.48
옥수,청과물,"여성 60대이상이(가) 주로 찾는 유동인구 중심의 시장으로, 재방문 고객(22.6%) 비중이 높은 곳입니다.",여성 60대이상 (20.2%),유동인구 중심 (56.1%),22.64,5.92
옥수,축산물,"여성 60대이상이(가) 주로 찾는 거주 중심의 시장으로, 재방문 고객(40.9%) 비중이 높은 곳입니다.",여성 60대이상 (19.9%),거주 중심 (67.7%),40.9,6.06
옥수,치킨,"남성 40대, 남성 50대이(가) 주로 찾는 거주 중심의 시장으로, 재방문 고객(23.3%) 비중이 높은 곳입니다.","남성 40대 (16.6%), 남성 50대 (17.2%)",거주 중심 (60.7%),23.26,8.64
옥수,카페,"여성 30대이(가) 주로 찾는 유동인구 중심의 시장으로, 재방문 고객(28.3%) 비중이 높은 곳입니다.",여성 30대 (19.1%),유동인구 중심 (48.6%),28.33,9.12
옥수,커피전문점,"여성 30대이(가) 주로 찾는 거주 중심의 시장으로, 재방문 고객(33.3%) 비중이 높은 곳입니다.",여성 30대 (19.0%),거주 중심 (52.3%),33.27,6.42
옥수,피자,"남성 40대이(가) 주로 찾는 거주 중심의 시장으로, 재방문 고객(29.3%) 비중이 높은 곳입니다.",남성 40대 (15.2%),거주 중심 (69.6%),29.28,12.27
옥수,한식-국밥/설렁탕,"남성 30대, 남성 50대, 남성 60대이상이(가) 주로 찾는 유동인구 중심의 시장으로, 재방문 고객(27.4%) 비중이 높은 곳입니다.","남성 30대 (17.4%), 남성 50대 (17.2%), 남성 60대이상 (15.7%)",유동인구 중심 (54.9%),27.37,6.7
옥수,한식-국수/만두,"남성 60대이상이(가) 주로 찾는 유동인구 중심의 시장으로, 재방문 고객(18.7%) 비중이 높은 곳입니다.",남성 60대이상 (16.0%),유동인구 중심 (53.5%),18.75,14.72
옥수,한식-단품요리일반,"남성 30대, 여성 30대이(가) 주로 찾는 유동인구 중심의 시장으로, 재방문 고객(28.7%) 비중이 높은 곳입니다.","남성 30대 (15.2%), 여성 30대 (15.8%)",유동인구 중심 (50.0%),28.74,7.86
옥수,한식-두부요리,"남성 30대, 남성 40대, 남성 50대, 여성 30대, 여성 50대이(가) 주로 찾는 유동인구 중심의 시장으로, 재방문 고객(20.2%) 비중이 높은 곳입니다.","남성 30대 (12.8%), 남성 40대 (10.8%), 남성 50대 (11.8%), 여성 30대 (12.7%), 여성 50대 (11.7%)",유동인구 중심 (48.1%),20.24,7.37
옥수,한식-육류/고기,"남성 40대, 남성 50대이(가) 주로 찾는 거주 중심의 시장으로, 재방문 고객(23.6%) 비중이 높은 곳입니다.","남성 40대 (15.2%), 남성 50대 (16.5%)",거주 중심 (49.9%),23.62,8.86
옥수,한식-죽,"여성 30대, 여성 40대, 여성 50대이(가) 주로 찾는 거주 중심의 시장으로, 재방문 고객(25.5%) 비중이 높은 곳입니다.","여성 30대 (12.6%), 여성 40대 (13.5%), 여성 50대 (14.4%)",거주 중심 (67.9%),25.52,22.41
옥수,한식-해물/생선,"남성 30대, 남성 40대, 남성 50대이(가) 주로 찾는 유동인구 중심의 시장으로, 재방문 고객(15.3%) 비중이 높은 곳입니다.","남성 30대 (15.0%), 남성 40대 (13.7%), 남성 50대 (14.2%)",유동인구 중심 (58.5%),15.28,10.93
옥수,햄버거,"남성 30대, 여성 30대이(가) 주로 찾는 거주 중심의 시장으로, 재방문 고객(24.4%) 비중이 높은 곳입니다.","남성 30대 (17.7%), 여성 30대 (16.5%)",거주 중심 (49.0%),24.4,7.6
옥수,호프/맥주,"남성 30대이(가) 주로 찾는 유동인구 중심의 시장으로, 신규 고객(12.9%) 유입이 활발한 곳입니다.",남성 30대 (20.1%),유동인구 중심 (60.9%),11.05,12.89
왕십리,건강식품,"여성 60대이상이(가) 주로 찾는 거주 중심의 시장으로, 재방문 고객(27.2%) 비중이 높은 곳입니다.",여성 60대이상 (31.4%),거주 중심 (52.5%),27.24,10.44
왕십리,건강원,"여성 60대이상이(가) 주로 찾는 거주 중심의 시장으로, 재방문 고객(15.9%) 비중이 높은 곳입니다.",여성 60대이상 (80.5%),거주 중심 (77.8%),15.87,9.13
왕십리,구내식당/푸드코트,"남성 50대이(가) 주로 찾는 직장 중심의 시장으로, 재방문 고객(52.7%) 비중이 높은 곳입니다.",남성 50대 (55.6%),직장 중심 (46.9%),52.75,4.86
왕십리,기타세계요리,"여성 30대이(가) 주로 찾는 유동인구 중심의 시장으로, 재방문 고객(28.2%) 비중이 높은 곳입니다.",여성 30대 (19.6%),유동인구 중심 (48.6%),28.17,15.9
왕십리,꼬치구이,"남성 30대이(가) 주로 찾는 거주 중심의 시장으로, 재방문 고객(14.3%) 비중이 높은 곳입니다.",남성 30대 (19.4%),거주 중심 (50.3%),14.27,8.75
왕십리,농산물,"여성 60대이상이(가) 주로 찾는 거주 중심의 시장으로, 재방문 고객(24.4%) 비중이 높은 곳입니다.",여성 60대이상 (20.3%),거주 중심 (60.9%),24.35,8.96
왕십리,담배,"남성 20대이하, 남성 30대이(가) 주로 찾는 거주 중심의 시장으로, 재방문 고객(27.8%) 비중이 높은 곳입니다.","남성 20대이하 (24.8%), 남성 30대 (24.3%)",거주 중심 (50.6%),27.79,7.14
왕십리,도너츠,"남성 50대이(가) 주로 찾는 거주 중심의 시장으로, 재방문 고객(27.4%) 비중이 높은 곳입니다.",남성 50대 (15.6%),거주 중심 (66.2%),27.36,8.62
왕십리,도시락,"남성 20대이하이(가) 주로 찾는 유동인구 중심의 시장으로, 재방문 고객(39.5%) 비중이 높은 곳입니다.",남성 20대이하 (39.0%),유동인구 중심 (42.7%),39.54,5.83
왕십리,동남아/인도음식,"여성 30대이(가) 주로 찾는 유동인구 중심의 시장으로, 재방문 고객(19.4%) 비중이 높은 곳입니다.",여성 30대 (17.5%),유동인구 중심 (44.7%),19.38,8.88
왕십리,떡/한과,"여성 30대이(가) 주로 찾는 거주 중심의 시장으로, 재방문 고객(77.8%) 비중이 높은 곳입니다.",여성 30대 (72.7%),거주 중심 (100.0%),77.78,4.04
왕십리,떡/한과 제조,"여성 60대이상이(가) 주로 찾는 거주 중심의 시장으로, 재방문 고객(33.9%) 비중이 높은 곳입니다.",여성 60대이상 (24.0%),거주 중심 (66.3%),33.91,6.25
왕십리,룸살롱/단란주점,"남성 50대이(가) 주로 찾는 유동인구 중심의 시장으로, 재방문 고객(24.7%) 비중이 높은 곳입니다.",남성 50대 (21.6%),유동인구 중심 (54.8%),24.73,8.2
왕십리,마카롱,"여성 20대이하이(가) 주로 찾는 거주 중심의 시장으로, 재방문 고객(31.9%) 비중이 높은 곳입니다.",여성 20대이하 (23.4%),거주 중심 (62.2%),31.86,6.28
왕십리,미곡상,"여성 60대이상이(가) 주로 찾는 거주 중심의 시장으로, 재방문 고객(48.2%) 비중이 높은 곳입니다.",여성 60대이상 (41.7%),거주 중심 (89.3%),48.23,4.95
왕십리,반찬,"여성 50대이(가) 주로 찾는 거주 중심의 시장으로, 재방문 고객(41.2%) 비중이 높은 곳입니다.",여성 50대 (20.7%),거주 중심 (70.2%),41.16,10.72
왕십리,백반/가정식,"남성 50대이(가) 주로 찾는 유동인구 중심의 시장으로, 재방문 고객(27.9%) 비중이 높은 곳입니다.",남성 50대 (19.2%),유동인구 중심 (43.8%),27.89,9.78
왕십리,베이커리,"여성 20대이하, 여성 30대이(가) 주로 찾는 거주 중심의 시장으로, 재방문 고객(29.3%) 비중이 높은 곳입니다.","여성 20대이하 (17.1%), 여성 30대 (17.4%)",거주 중심 (50.9%),29.26,11.44
왕십리,분식,"남성 30대, 남성 40대, 남성 50대, 여성 30대, 여성 40대, 여성 50대이(가) 주로 찾는 거주 중심의 시장으로, 재방문 고객(29.1%) 비중이 높은 곳입니다.","남성 30대 (11.4%), 남성 40대 (11.4%), 남성 50대 (11.0%), 여성 30대 (12.4%), 여성 40대 (12.6%), 여성 50대 (11.5%)",거주 중심 (49.3%),29.14,9.79
왕십리,샌드위치/토스트,"여성 20대이하, 여성 30대이(가) 주로 찾는 유동인구 중심의 시장으로, 재방문 고객(26.4%) 비중이 높은 곳입니다.","여성 20대이하 (18.0%), 여성 30대 (19.7%)",유동인구 중심 (53.0%),26.43,11.26
왕십리,수산물,"여성 60대이상이(가) 주로 찾는 거주 중심의 시장으로, 재방문 고객(21.5%) 비중이 높은 곳입니다.",여성 60대이상 (29.7%),거주 중심 (57.7%),21.53,7.76
왕십리,식료품,"남성 40대, 여성 40대, 여성 60대이상이(가) 주로 찾는 거주 중심의 시장으로, 재방문 고객(31.4%) 비중이 높은 곳입니다.","남성 40대 (10.6%), 여성 40대 (11.4%), 여성 60대이상 (12.2%)",거주 중심 (51.4%),31.42,8.23
왕십리,식품 제조,"여성 60대이상이(가) 주로 찾는 거주 중심의 시장으로, 재방문 고객(38.2%) 비중이 높은 곳입니다.",여성 60대이상 (28.3%),거주 중심 (82.3%),38.18,6.49
왕십리,아이스크림/빙수,"남성 20대이하, 남성 30대, 여성 20대이하이(가) 주로 찾는 거주 중심의 시장으로, 재방문 고객(31.9%) 비중이 높은 곳입니다.","남성 20대이하 (14.8%), 남성 30대 (13.3%), 여성 20대이하 (13.1%)",거주 중심 (58.9%),31.9,13.94
왕십리,양식,"여성 30대이(가) 주로 찾는 유동인구 중심의 시장으로, 재방문 고객(17.3%) 비중이 높은 곳입니다.",여성 30대 (17.6%),유동인구 중심 (57.8%),17.31,12.71
왕십리,요리주점,"남성 30대, 남성 50대이(가) 주로 찾는 유동인구 중심의 시장으로, 재방문 고객(19.2%) 비중이 높은 곳입니다.","남성 30대 (17.0%), 남성 50대 (15.2%)",유동인구 중심 (53.9%),19.22,9.93
왕십리,이자카야,"남성 30대이(가) 주로 찾는 유동인구 중심의 시장으로, 신규 고객(18.5%) 유입이 활발한 곳입니다.",남성 30대 (21.2%),유동인구 중심 (60.7%),10.58,18.47
왕십리,인삼제품,"남성 50대이(가) 주로 찾는 거주 중심의 시장으로, 재방문 고객(18.6%) 비중이 높은 곳입니다.",남성 50대 (24.3%),거주 중심 (75.5%),18.6,8.16
왕십리,일반 유흥주점,"남성 50대이(가) 주로 찾는 유동인구 중심의 시장으로, 재방문 고객(23.6%) 비중이 높은 곳입니다.",남성 50대 (27.5%),유동인구 중심 (57.2%),23.57,10.57
왕십리,일식-덮밥/돈가스,"남성 60대이상이(가) 주로 찾는 유동인구 중심의 시장으로, 재방문 고객(19.7%) 비중이 높은 곳입니다.",남성 60대이상 (17.8%),유동인구 중심 (47.7%),19.73,9.74
왕십리,일식-샤브샤브,"여성 20대이하, 여성 30대, 여성 40대, 여성 50대이(가) 주로 찾는 유동인구 중심의 시장으로, 재방문 고객(18.1%) 비중이 높은 곳입니다.","여성 20대이하 (11.1%), 여성 30대 (12.9%), 여성 40대 (11.0%), 여성 50대 (10.9%)",유동인구 중심 (49.8%),18.09,10.58
왕십리,일식-참치회,"남성 30대, 남성 50대이(가) 주로 찾는 유동인구 중심의 시장으로, 재방문 고객(21.8%) 비중이 높은 곳입니다.","남성 30대 (19.2%), 남성 50대 (20.7%)",유동인구 중심 (45.3%),21.81,6.81
왕십리,일식당,"남성 20대이하, 남성 30대이(가) 주로 찾는 유동인구 중심의 시장으로, 재방문 고객(16.2%) 비중이 높은 곳입니다.","남성 20대이하 (15.0%), 남성 30대 (16.8%)",유동인구 중심 (54.7%),16.19,10.23
왕십리,주류,"남성 30대이(가) 주로 찾는 유동인구 중심의 시장으로, 재방문 고객(22.9%) 비중이 높은 곳입니다.",남성 30대 (25.8%),유동인구 중심 (49.9%),22.86,13.29
왕십리,중식-훠궈/마라탕,"여성 20대이하이(가) 주로 찾는 유동인구 중심의 시장으로, 신규 고객(43.8%) 유입이 활발한 곳입니다.",여성 20대이하 (26.3%),유동인구 중심 (45.4%),28.59,43.85
왕십리,중식당,"남성 50대이(가) 주로 찾는 거주 중심의 시장으로, 재방문 고객(30.5%) 비중이 높은 곳입니다.",남성 50대 (15.5%),거주 중심 (48.2%),30.52,9.2
왕십리,차,"여성 20대이하이(가) 주로 찾는 유동인구 중심의 시장으로, 재방문 고객(27.3%) 비중이 높은 곳입니다.",여성 20대이하 (27.5%),유동인구 중심 (48.4%),27.29,6.5
왕십리,청과물,"여성 30대, 여성 40대, 여성 50대, 여성 60대이상이(가) 주로 찾는 유동인구 중심의 시장으로, 재방문 고객(36.3%) 비중이 높은 곳입니다.","여성 30대 (14.2%), 여성 40대 (14.1%), 여성 50대 (15.3%), 여성 60대이상 (14.7%)",유동인구 중심 (48.7%),36.28,9.09
왕십리,축산물,"여성 50대, 여성 60대이상이(가) 주로 찾는 거주 중심의 시장으로, 재방문 고객(49.5%) 비중이 높은 곳입니다.","여성 50대 (20.5%), 여성 60대이상 (22.4%)",거주 중심 (64.3%),49.5,7.1
왕십리,치킨,"남성 50대이(가) 주로 찾는 거주 중심의 시장으로, 재방문 고객(23.5%) 비중이 높은 곳입니다.",남성 50대 (17.3%),거주 중심 (60.9%),23.51,9.92
왕십리,카페,"여성 30대이(가) 주로 찾는 유동인구 중심의 시장으로, 재방문 고객(29.3%) 비중이 높은 곳입니다.",여성 30대 (18.4%),유동인구 중심 (49.0%),29.29,10.28
왕십리,커피전문점,"여성 20대이하, 여성 30대이(가) 주로 찾는 거주 중심의 시장으로, 재방문 고객(31.4%) 비중이 높은 곳입니다.","여성 20대이하 (15.7%), 여성 30대 (16.6%)",거주 중심 (45.4%),31.37,10.9
왕십리,탕후루,"여성 20대이하이(가) 주로 찾는 유동인구 중심의 시장으로, 재방문 고객(21.2%) 비중이 높은 곳입니다.",여성 20대이하 (27.1%),유동인구 중심 (62.3%),21.21,12.17
왕십리,테마카페,"여성 30대이(가) 주로 찾는 거주 중심의 시장으로, 재방문 고객(28.8%) 비중이 높은 곳입니다.",여성 30대 (33.0%),거주 중심 (68.0%),28.81,20.41
왕십리,포장마차,"남성 30대, 남성 50대이(가) 주로 찾는 유동인구 중심의 시장으로, 재방문 고객(20.1%) 비중이 높은 곳입니다.","남성 30대 (17.0%), 남성 50대 (16.3%)",유동인구 중심 (54.6%),20.13,7.84
왕십리,피자,"남성 30대, 남성 40대, 남성 50대, 남성 60대이상, 여성 50대이(가) 주로 찾는 거주 중심의 시장으로, 재방문 고객(25.3%) 비중이 높은 곳입니다.","남성 30대 (11.2%), 남성 40대 (10.9%), 남성 50대 (12.6%), 남성 60대이상 (10.8%), 여성 50대 (10.9%)",거주 중심 (54.0%),25.35,12.1
왕십리,한식-감자탕,"남성 50대이(가) 주로 찾는 거주 중심의 시장으로, 재방문 고객(24.5%) 비중이 높은 곳입니다.",남성 50대 (18.1%),거주 중심 (46.8%),24.48,6.68
왕십리,한식-국밥/설렁탕,"남성 50대, 남성 60대이상이(가) 주로 찾는 거주 중심의 시장으로, 재방문 고객(26.5%) 비중이 높은 곳입니다.","남성 50대 (17.6%), 남성 60대이상 (16.1%)",거주 중심 (43.6%),26.51,8.69
왕십리,한식-국수/만두,"남성 30대, 남성 50대, 여성 50대이(가) 주로 찾는 거주 중심의 시장으로, 재방문 고객(24.1%) 비중이 높은 곳입니다.","남성 30대 (12.1%), 남성 50대 (12.4%), 여성 50대 (10.6%)",거주 중심 (40.8%),24.09,10.17
왕십리,한식-냉면,"남성 50대이(가) 주로 찾는 거주 중심의 시장으로, 재방문 고객(20.4%) 비중이 높은 곳입니다.",남성 50대 (15.2%),거주 중심 (61.0%),20.4,8.42
왕십리,한식-단품요리일반,"남성 50대이(가) 주로 찾는 유동인구 중심의 시장으로, 재방문 고객(24.8%) 비중이 높은 곳입니다.",남성 50대 (15.9%),유동인구 중심 (46.7%),24.84,9.54
왕십리,한식-육류/고기,"남성 30대, 남성 50대이(가) 주로 찾는 유동인구 중심의 시장으로, 재방문 고객(18.5%) 비중이 높은 곳입니다.","남성 30대 (14.8%), 남성 50대 (14.8%)",유동인구 중심 (49.1%),18.5,10.33
왕십리,한식-죽,"여성 40대, 여성 50대이(가) 주로 찾는 거주 중심의 시장으로, 재방문 고객(25.6%) 비중이 높은 곳입니다.","여성 40대 (14.0%), 여성 50대 (13.1%)",거주 중심 (52.1%),25.56,8.36
왕십리,한식-찌개/전골,"남성 20대이하, 남성 30대, 남성 50대이(가) 주로 찾는 유동인구 중심의 시장으로, 재방문 고객(12.6%) 비중이 높은 곳입니다.","남성 20대이하 (14.4%), 남성 30대 (12.9%), 남성 50대 (12.5%)",유동인구 중심 (59.1%),12.56,8.84
왕십리,한식-해물/생선,"남성 50대, 남성 60대이상이(가) 주로 찾는 유동인구 중심의 시장으로, 재방문 고객(21.4%) 비중이 높은 곳입니다.","남성 50대 (16.8%), 남성 60대이상 (15.2%)",유동인구 중심 (46.2%),21.4,8.99
왕십리,한식뷔페,"남성 60대이상이(가) 주로 찾는 유동인구 중심의 시장으로, 재방문 고객(35.3%) 비중이 높은 곳입니다.",남성 60대이상 (24.2%),유동인구 중심 (45.7%),35.26,12.39
왕십리,햄버거,"남성 20대이하, 남성 30대, 여성 20대이하이(가) 주로 찾는 거주 중심의 시장으로, 재방문 고객(31.0%) 비중이 높은 곳입니다.","남성 20대이하 (15.8%), 남성 30대 (14.7%), 여성 20대이하 (14.9%)",거주 중심 (49.0%),30.96,10.56
왕십리,호프/맥주,"남성 50대이(가) 주로 찾는 유동인구 중심의 시장으로, 재방문 고객(21.7%) 비중이 높은 곳입니다.",남성 50대 (21.9%),유동인구 중심 (48.9%),21.68,8.33
자양,한식-단품요리일반,"남성 30대이(가) 주로 찾는 유동인구 중심의 시장으로, 신규 고객(26.1%) 유입이 활발한 곳입니다.",남성 30대 (39.6%),유동인구 중심 (91.9%),6.68,26.07
장한평자동차,건강식품,"남성 40대, 여성 40대이(가) 주로 찾는 유동인구 중심의 시장으로, 재방문 고객(34.4%) 비중이 높은 곳입니다.","남성 40대 (24.3%), 여성 40대 (24.0%)",유동인구 중심 (94.2%),34.43,17.52
장한평자동차,기사식당,"남성 50대, 남성 60대이상이(가) 주로 찾는 유동인구 중심의 시장으로, 재방문 고객(35.4%) 비중이 높은 곳입니다.","남성 50대 (25.4%), 남성 60대이상 (24.1%)",유동인구 중심 (66.5%),35.39,6.55
장한평자동차,백반/가정식,"남성 60대이상이(가) 주로 찾는 유동인구 중심의 시장으로, 재방문 고객(33.9%) 비중이 높은 곳입니다.",남성 60대이상 (28.8%),유동인구 중심 (58.2%),33.91,10.13
장한평자동차,식료품,"남성 60대이상이(가) 주로 찾는 유동인구 중심의 시장으로, 재방문 고객(29.3%) 비중이 높은 곳입니다.",남성 60대이상 (22.4%),유동인구 중심 (80.9%),29.3,8.42
장한평자동차,일반 유흥주점,"여성 40대이(가) 주로 찾는 유동인구 중심의 시장으로, 재방문 고객(19.6%) 비중이 높은 곳입니다.",여성 40대 (35.4%),유동인구 중심 (93.5%),19.64,14.15
장한평자동차,중식당,"남성 50대이(가) 주로 찾는 유동인구 중심의 시장으로, 재방문 고객(30.8%) 비중이 높은 곳입니다.",남성 50대 (24.9%),유동인구 중심 (63.1%),30.81,6.55
장한평자동차,청과물,"여성 20대이하이(가) 주로 찾는 유동인구 중심의 시장으로, 재방문 고객(44.3%) 비중이 높은 곳입니다.",여성 20대이하 (27.3%),유동인구 중심 (53.0%),44.33,20.83
장한평자동차,카페,"남성 30대이(가) 주로 찾는 유동인구 중심의 시장으로, 재방문 고객(33.7%) 비중이 높은 곳입니다.",남성 30대 (16.6%),유동인구 중심 (62.2%),33.66,12.58
장한평자동차,커피전문점,"남성 30대이(가) 주로 찾는 유동인구 중심의 시장으로, 재방문 고객(31.1%) 비중이 높은 곳입니다.",남성 30대 (17.4%),유동인구 중심 (63.3%),31.14,12.78
장한평자동차,포장마차,"남성 40대이(가) 주로 찾는 직장 중심의 시장으로, 재방문 고객(10.6%) 비중이 높은 곳입니다.",남성 40대 (40.9%),직장 중심 (60.0%),10.57,8.22
장한평자동차,한식-국밥/설렁탕,"남성 60대이상이(가) 주로 찾는 유동인구 중심의 시장으로, 재방문 고객(50.7%) 비중이 높은 곳입니다.",남성 60대이상 (35.4%),유동인구 중심 (46.9%),50.73,5.74
장한평자동차,한식-단품요리일반,"남성 60대이상이(가) 주로 찾는 유동인구 중심의 시장으로, 재방문 고객(35.6%) 비중이 높은 곳입니다.",남성 60대이상 (32.0%),유동인구 중심 (49.5%),35.62,8.84
장한평자동차,한식-육류/고기,"남성 60대이상이(가) 주로 찾는 유동인구 중심의 시장으로, 재방문 고객(29.4%) 비중이 높은 곳입니다.",남성 60대이상 (21.4%),유동인구 중심 (60.2%),29.41,11.92
장한평자동차,한식-찌개/전골,"남성 30대이(가) 주로 찾는 유동인구 중심의 시장으로, 재방문 고객(33.3%) 비중이 높은 곳입니다.",남성 30대 (24.5%),유동인구 중심 (71.9%),33.3,15.18
장한평자동차,한식뷔페,"남성 40대이(가) 주로 찾는 유동인구 중심의 시장으로, 재방문 고객(39.3%) 비중이 높은 곳입니다.",남성 40대 (24.9%),유동인구 중심 (70.7%),39.31,24.01
장한평자동차,한정식,"남성 50대이(가) 주로 찾는 유동인구 중심의 시장으로, 재방문 고객(33.7%) 비중이 높은 곳입니다.",남성 50대 (32.2%),유동인구 중심 (59.1%),33.69,5.4
풍산지구,양식,"남성 30대이(가) 주로 찾는 유동인구 중심의 시장으로, 신규 고객(17.2%) 유입이 활발한 곳입니다.",남성 30대 (19.6%),유동인구 중심 (97.1%),11.17,17.23
한양대,기타세계요리,"남성 20대이하이(가) 주로 찾는 유동인구 중심의 시장으로, 재방문 고객(35.8%) 비중이 높은 곳입니다.",남성 20대이하 (52.1%),유동인구 중심 (58.9%),35.84,5.76
한양대,꼬치구이,"남성 20대이하이(가) 주로 찾는 유동인구 중심의 시장으로, 재방문 고객(13.0%) 비중이 높은 곳입니다.",남성 20대이하 (37.4%),유동인구 중심 (59.8%),13.03,6.86
한양대,담배,"남성 20대이하이(가) 주로 찾는 유동인구 중심의 시장으로, 신규 고객(22.9%) 유입이 활발한 곳입니다.",남성 20대이하 (53.7%),유동인구 중심 (51.4%),18.08,22.91
한양대,도시락,"남성 20대이하이(가) 주로 찾는 거주 중심의 시장으로, 재방문 고객(44.9%) 비중이 높은 곳입니다.",남성 20대이하 (29.1%),거주 중심 (43.4%),44.88,5.52
한양대,동남아/인도음식,"여성 20대이하이(가) 주로 찾는 유동인구 중심의 시장으로, 재방문 고객(28.5%) 비중이 높은 곳입니다.",여성 20대이하 (36.2%),유동인구 중심 (58.5%),28.45,6.53
한양대,룸살롱/단란주점,"남성 20대이하이(가) 주로 찾는 유동인구 중심의 시장으로, 재방문 고객(22.2%) 비중이 높은 곳입니다.",남성 20대이하 (31.6%),유동인구 중심 (63.5%),22.2,7.16
한양대,반찬,"남성 20대이하이(가) 주로 찾는 거주 중심의 시장으로, 재방문 고객(43.2%) 비중이 높은 곳입니다.",남성 20대이하 (42.5%),거주 중심 (61.0%),43.2,25.17
한양대,백반/가정식,"남성 20대이하이(가) 주로 찾는 유동인구 중심의 시장으로, 재방문 고객(24.6%) 비중이 높은 곳입니다.",남성 20대이하 (33.7%),유동인구 중심 (57.3%),24.56,11.76
한양대,베이커리,"여성 20대이하이(가) 주로 찾는 유동인구 중심의 시장으로, 재방문 고객(28.1%) 비중이 높은 곳입니다.",여성 20대이하 (34.5%),유동인구 중심 (53.7%),28.15,10.96
한양대,분식,"남성 20대이하, 여성 20대이하이(가) 주로 찾는 유동인구 중심의 시장으로, 재방문 고객(30.5%) 비중이 높은 곳입니다.","남성 20대이하 (26.6%), 여성 20대이하 (27.2%)",유동인구 중심 (53.9%),30.5,9.87
한양대,샌드위치/토스트,"남성 20대이하이(가) 주로 찾는 유동인구 중심의 시장으로, 재방문 고객(33.1%) 비중이 높은 곳입니다.",남성 20대이하 (29.3%),유동인구 중심 (50.1%),33.11,10.88
한양대,식료품,"남성 20대이하이(가) 주로 찾는 유동인구 중심의 시장으로, 재방문 고객(45.3%) 비중이 높은 곳입니다.",남성 20대이하 (21.3%),유동인구 중심 (48.2%),45.26,7.88
한양대,식품 제조,"남성 30대, 남성 60대이상, 여성 30대, 여성 50대, 여성 60대이상이(가) 주로 찾는 유동인구 중심의 시장으로, 재방문 고객(26.8%) 비중이 높은 곳입니다.","남성 30대 (18.2%), 남성 60대이상 (16.5%), 여성 30대 (16.9%), 여성 50대 (16.5%), 여성 60대이상 (17.7%)",유동인구 중심 (70.0%),26.76,5.47
한양대,아이스크림/빙수,"여성 20대이하이(가) 주로 찾는 유동인구 중심의 시장으로, 재방문 고객(34.3%) 비중이 높은 곳입니다.",여성 20대이하 (35.6%),유동인구 중심 (55.3%),34.27,9.06
한양대,양식,"여성 20대이하이(가) 주로 찾는 유동인구 중심의 시장으로, 신규 고객(17.0%) 유입이 활발한 곳입니다.",여성 20대이하 (27.6%),유동인구 중심 (64.0%),13.44,17.04
한양대,와인바,"남성 20대이하, 여성 20대이하이(가) 주로 찾는 유동인구 중심의 시장으로, 재방문 고객(7.3%) 비중이 높은 곳입니다.","남성 20대이하 (25.7%), 여성 20대이하 (24.9%)",유동인구 중심 (72.5%),7.33,6.04
한양대,요리주점,"남성 20대이하이(가) 주로 찾는 유동인구 중심의 시장으로, 재방문 고객(18.1%) 비중이 높은 곳입니다.",남성 20대이하 (34.6%),유동인구 중심 (64.8%),18.06,13.19
한양대,이자카야,"남성 20대이하이(가) 주로 찾는 유동인구 중심의 시장으로, 신규 고객(15.3%) 유입이 활발한 곳입니다.",남성 20대이하 (31.0%),유동인구 중심 (70.0%),7.49,15.29
한양대,일반 유흥주점,"남성 20대이하이(가) 주로 찾는 유동인구 중심의 시장으로, 신규 고객(67.9%) 유입이 활발한 곳입니다.",남성 20대이하 (37.1%),유동인구 중심 (65.6%),15.4,67.93
한양대,일식-덮밥/돈가스,"남성 20대이하이(가) 주로 찾는 유동인구 중심의 시장으로, 재방문 고객(32.2%) 비중이 높은 곳입니다.",남성 20대이하 (31.0%),유동인구 중심 (56.8%),32.18,9.45
한양대,일식-우동/소바/라면,"남성 20대이하, 여성 20대이하이(가) 주로 찾는 유동인구 중심의 시장으로, 재방문 고객(20.9%) 비중이 높은 곳입니다.","남성 20대이하 (28.2%), 여성 20대이하 (26.4%)",유동인구 중심 (62.3%),20.94,5.46
한양대,일식당,"남성 20대이하이(가) 주로 찾는 유동인구 중심의 시장으로, 재방문 고객(18.5%) 비중이 높은 곳입니다.",남성 20대이하 (32.3%),유동인구 중심 (59.3%),18.54,8.3
한양대,주스,"여성 20대이하이(가) 주로 찾는 거주 중심의 시장으로, 재방문 고객(36.6%) 비중이 높은 곳입니다.",여성 20대이하 (40.2%),거주 중심 (49.9%),36.58,6.37
한양대,중식-훠궈/마라탕,"여성 20대이하이(가) 주로 찾는 거주 중심의 시장으로, 재방문 고객(36.3%) 비중이 높은 곳입니다.",여성 20대이하 (43.4%),거주 중심 (48.0%),36.25,24.09
한양대,중식당,"남성 20대이하이(가) 주로 찾는 유동인구 중심의 시장으로, 재방문 고객(32.1%) 비중이 높은 곳입니다.",남성 20대이하 (32.1%),유동인구 중심 (55.1%),32.08,9.39
한양대,차,"여성 20대이하이(가) 주로 찾는 유동인구 중심의 시장으로, 재방문 고객(46.2%) 비중이 높은 곳입니다.",여성 20대이하 (52.8%),유동인구 중심 (67.4%),46.17,5.93
한양대,축산물,"남성 20대이하, 여성 20대이하이(가) 주로 찾는 거주 중심의 시장으로, 재방문 고객(42.8%) 비중이 높은 곳입니다.","남성 20대이하 (14.8%), 여성 20대이하 (16.6%)",거주 중심 (69.4%),42.76,4.94
한양대,치킨,"남성 20대이하이(가) 주로 찾는 유동인구 중심의 시장으로, 재방문 고객(18.5%) 비중이 높은 곳입니다.",남성 20대이하 (32.6%),유동인구 중심 (50.8%),18.52,7.42
한양대,카페,"여성 20대이하이(가) 주로 찾는 유동인구 중심의 시장으로, 재방문 고객(30.7%) 비중이 높은 곳입니다.",여성 20대이하 (35.4%),유동인구 중심 (58.8%),30.67,8.35
한양대,커피전문점,"여성 20대이하이(가) 주로 찾는 유동인구 중심의 시장으로, 재방문 고객(32.7%) 비중이 높은 곳입니다.",여성 20대이하 (32.6%),유동인구 중심 (54.9%),32.72,10.08
한양대,포장마차,"남성 20대이하이(가) 주로 찾는 유동인구 중심의 시장으로, 재방문 고객(12.7%) 비중이 높은 곳입니다.",남성 20대이하 (41.7%),유동인구 중심 (67.3%),12.67,9.42
한양대,피자,"남성 20대이하이(가) 주로 찾는 거주 중심의 시장으로, 재방문 고객(21.5%) 비중이 높은 곳입니다.",남성 20대이하 (31.7%),거주 중심 (47.9%),21.54,7.54
한양대,한식-감자탕,"남성 20대이하이(가) 주로 찾는 유동인구 중심의 시장으로, 재방문 고객(34.3%) 비중이 높은 곳입니다.",남성 20대이하 (33.9%),유동인구 중심 (43.2%),34.31,5.78
한양대,한식-국밥/설렁탕,"남성 20대이하이(가) 주로 찾는 유동인구 중심의 시장으로, 재방문 고객(23.5%) 비중이 높은 곳입니다.",남성 20대이하 (37.6%),유동인구 중심 (56.7%),23.46,15.23
한양대,한식-국수/만두,"여성 20대이하이(가) 주로 찾는 유동인구 중심의 시장으로, 재방문 고객(30.2%) 비중이 높은 곳입니다.",여성 20대이하 (26.0%),유동인구 중심 (39.6%),30.15,6.08
한양대,한식-냉면,"남성 20대이하이(가) 주로 찾는 유동인구 중심의 시장으로, 재방문 고객(17.1%) 비중이 높은 곳입니다.",남성 20대이하 (25.2%),유동인구 중심 (54.2%),17.09,7.02
한양대,한식-단품요리일반,"남성 20대이하이(가) 주로 찾는 유동인구 중심의 시장으로, 재방문 고객(20.9%) 비중이 높은 곳입니다.",남성 20대이하 (32.4%),유동인구 중심 (60.7%),20.91,8.77
한양대,한식-육류/고기,"남성 20대이하이(가) 주로 찾는 유동인구 중심의 시장으로, 재방문 고객(15.0%) 비중이 높은 곳입니다.",남성 20대이하 (35.0%),유동인구 중심 (60.3%),14.97,7.8
한양대,한식-죽,"여성 20대이하이(가) 주로 찾는 거주 중심의 시장으로, 재방문 고객(24.5%) 비중이 높은 곳입니다.",여성 20대이하 (18.2%),거주 중심 (45.5%),24.45,6.45
한양대,한식-찌개/전골,"남성 20대이하이(가) 주로 찾는 유동인구 중심의 시장으로, 재방문 고객(26.9%) 비중이 높은 곳입니다.",남성 20대이하 (36.2%),유동인구 중심 (53.4%),26.94,6.36
한양대,한식-해물/생선,"남성 20대이하이(가) 주로 찾는 유동인구 중심의 시장으로, 재방문 고객(14.6%) 비중이 높은 곳입니다.",남성 20대이하 (25.3%),유동인구 중심 (57.4%),14.56,10.77
한양대,햄버거,"남성 20대이하이(가) 주로 찾는 유동인구 중심의 시장으로, 재방문 고객(30.5%) 비중이 높은 곳입니다.",남성 20대이하 (38.9%),유동인구 중심 (49.4%),30.54,6.46
한양대,호프/맥주,"남성 20대이하이(가) 주로 찾는 유동인구 중심의 시장으로, 재방문 고객(17.6%) 비중이 높은 곳입니다.",남성 20대이하 (39.9%),유동인구 중심 (60.4%),17.57,10.19
행당,건강식품,"여성 60대이상이(가) 주로 찾는 유동인구 중심의 시장으로, 재방문 고객(18.1%) 비중이 높은 곳입니다.",여성 60대이상 (30.8%),유동인구 중심 (60.7%),18.05,7.0
행당,건강원,"남성 60대이상, 여성 60대이상이(가) 주로 찾는 거주 중심의 시장으로, 신규 고객(9.3%) 유입이 활발한 곳입니다.","남성 60대이상 (30.3%), 여성 60대이상 (30.0%)",거주 중심 (85.0%),1.64,9.32
행당,도시락,"남성 30대, 남성 40대이(가) 주로 찾는 거주 중심의 시장으로, 재방문 고객(35.8%) 비중이 높은 곳입니다.","남성 30대 (16.5%), 남성 40대 (17.4%)",거주 중심 (74.7%),35.75,21.99
행당,떡/한과 제조,"여성 40대, 여성 50대이(가) 주로 찾는 거주 중심의 시장으로, 재방문 고객(42.1%) 비중이 높은 곳입니다.","여성 40대 (18.3%), 여성 50대 (19.2%)",거주 중심 (76.7%),42.09,6.09
행당,미곡상,"여성 40대, 여성 60대이상이(가) 주로 찾는 유동인구 중심의 시장으로, 신규 고객(28.5%) 유입이 활발한 곳입니다.","여성 40대 (25.1%), 여성 60대이상 (23.8%)",유동인구 중심 (100.0%),7.72,28.5
행당,반찬,"여성 50대이(가) 주로 찾는 거주 중심의 시장으로, 재방문 고객(47.7%) 비중이 높은 곳입니다.",여성 50대 (23.9%),거주 중심 (83.4%),47.71,5.24
행당,백반/가정식,"남성 40대, 남성 50대, 여성 40대이(가) 주로 찾는 거주 중심의 시장으로, 재방문 고객(27.7%) 비중이 높은 곳입니다.","남성 40대 (14.2%), 남성 50대 (14.3%), 여성 40대 (14.6%)",거주 중심 (54.8%),27.74,8.52
행당,베이커리,"여성 30대이(가) 주로 찾는 거주 중심의 시장으로, 재방문 고객(34.4%) 비중이 높은 곳입니다.",여성 30대 (16.2%),거주 중심 (61.9%),34.38,7.66
행당,분식,"여성 40대이(가) 주로 찾는 거주 중심의 시장으로, 재방문 고객(36.2%) 비중이 높은 곳입니다.",여성 40대 (19.6%),거주 중심 (71.4%),36.15,9.54
행당,샌드위치/토스트,"여성 30대, 여성 40대이(가) 주로 찾는 거주 중심의 시장으로, 재방문 고객(27.3%) 비중이 높은 곳입니다.","여성 30대 (13.6%), 여성 40대 (14.0%)",거주 중심 (69.1%),27.35,11.83
행당,식료품,"여성 40대, 여성 60대이상이(가) 주로 찾는 거주 중심의 시장으로, 재방문 고객(40.7%) 비중이 높은 곳입니다.","여성 40대 (14.4%), 여성 60대이상 (14.3%)",거주 중심 (71.1%),40.72,9.34
행당,아이스크림/빙수,"남성 20대이하, 남성 40대, 여성 20대이하, 여성 40대이(가) 주로 찾는 거주 중심의 시장으로, 재방문 고객(41.3%) 비중이 높은 곳입니다.","남성 20대이하 (13.8%), 남성 40대 (13.4%), 여성 20대이하 (13.7%), 여성 40대 (13.3%)",거주 중심 (80.5%),41.34,7.87
행당,양식,"여성 20대이하이(가) 주로 찾는 유동인구 중심의 시장으로, 재방문 고객(11.8%) 비중이 높은 곳입니다.",여성 20대이하 (25.6%),유동인구 중심 (64.1%),11.78,10.01
행당,요리주점,"여성 30대이(가) 주로 찾는 유동인구 중심의 시장으로, 재방문 고객(16.9%) 비중이 높은 곳입니다.",여성 30대 (30.7%),유동인구 중심 (59.0%),16.87,7.5
행당,이자카야,"남성 40대이(가) 주로 찾는 거주 중심의 시장으로, 재방문 고객(22.9%) 비중이 높은 곳입니다.",남성 40대 (20.2%),거주 중심 (64.5%),22.85,6.87
행당,인삼제품,"여성 40대이(가) 주로 찾는 거주 중심의 시장으로, 재방문 고객(14.8%) 비중이 높은 곳입니다.",여성 40대 (22.7%),거주 중심 (81.7%),14.77,5.84
행당,일식-우동/소바/라면,"남성 30대이(가) 주로 찾는 거주 중심의 시장으로, 재방문 고객(11.2%) 비중이 높은 곳입니다.",남성 30대 (24.4%),거주 중심 (56.0%),11.23,7.19
행당,주류,"여성 50대이(가) 주로 찾는 유동인구 중심의 시장으로, 재방문 고객(29.3%) 비중이 높은 곳입니다.",여성 50대 (32.6%),유동인구 중심 (100.0%),29.33,6.82
행당,중식-훠궈/마라탕,"여성 20대이하이(가) 주로 찾는 거주 중심의 시장으로, 재방문 고객(41.1%) 비중이 높은 곳입니다.",여성 20대이하 (25.6%),거주 중심 (80.7%),41.06,15.83
행당,중식당,"여성 50대이(가) 주로 찾는 거주 중심의 시장으로, 재방문 고객(34.0%) 비중이 높은 곳입니다.",여성 50대 (20.3%),거주 중심 (61.7%),33.99,14.6
행당,청과물,"여성 60대이상이(가) 주로 찾는 유동인구 중심의 시장으로, 재방문 고객(27.4%) 비중이 높은 곳입니다.",여성 60대이상 (23.2%),유동인구 중심 (57.1%),27.36,8.91
행당,축산물,"여성 60대이상이(가) 주로 찾는 거주 중심의 시장으로, 재방문 고객(46.8%) 비중이 높은 곳입니다.",여성 60대이상 (25.6%),거주 중심 (87.0%),46.76,4.95
행당,치킨,"남성 40대, 남성 50대이(가) 주로 찾는 거주 중심의 시장으로, 재방문 고객(25.1%) 비중이 높은 곳입니다.","남성 40대 (15.0%), 남성 50대 (16.2%)",거주 중심 (77.9%),25.07,8.67
행당,카페,"여성 40대이(가) 주로 찾는 거주 중심의 시장으로, 재방문 고객(33.5%) 비중이 높은 곳입니다.",여성 40대 (19.4%),거주 중심 (65.6%),33.46,7.74
행당,커피전문점,"남성 40대, 여성 40대이(가) 주로 찾는 거주 중심의 시장으로, 재방문 고객(35.5%) 비중이 높은 곳입니다.","남성 40대 (15.1%), 여성 40대 (15.8%)",거주 중심 (65.1%),35.49,7.99
행당,피자,"남성 40대, 여성 30대, 여성 40대, 여성 50대이(가) 주로 찾는 거주 중심의 시장으로, 신규 고객(40.5%) 유입이 활발한 곳입니다.","남성 40대 (11.0%), 여성 30대 (11.2%), 여성 40대 (12.9%), 여성 50대 (11.7%)",거주 중심 (86.6%),23.62,40.51
행당,한식-국수/만두,"여성 50대이(가) 주로 찾는 거주 중심의 시장으로, 재방문 고객(30.8%) 비중이 높은 곳입니다.",여성 50대 (16.3%),거주 중심 (61.8%),30.8,6.79
행당,한식-단품요리일반,"남성 40대이(가) 주로 찾는 거주 중심의 시장으로, 신규 고객(16.7%) 유입이 활발한 곳입니다.",남성 40대 (100.0%),거주 중심 (100.0%),0.0,16.67
행당,한식-육류/고기,"남성 40대, 남성 50대이(가) 주로 찾는 거주 중심의 시장으로, 재방문 고객(23.3%) 비중이 높은 곳입니다.","남성 40대 (15.4%), 남성 50대 (15.6%)",거주 중심 (59.5%),23.26,7.18
행당,한식-찌개/전골,"남성 40대이(가) 주로 찾는 거주 중심의 시장으로, 재방문 고객(53.9%) 비중이 높은 곳입니다.",남성 40대 (44.9%),거주 중심 (100.0%),53.88,0.0
행당,한식-해물/생선,"남성 50대이(가) 주로 찾는 유동인구 중심의 시장으로, 재방문 고객(27.2%) 비중이 높은 곳입니다.",남성 50대 (21.5%),유동인구 중심 (44.6%),27.2,8.52
행당,햄버거,"남성 40대, 여성 40대이(가) 주로 찾는 거주 중심의 시장으로, 신규 고객(62.9%) 유입이 활발한 곳입니다.","남성 40대 (16.3%), 여성 40대 (17.1%)",거주 중심 (70.6%),24.35,62.91
화양시장,백반/가정식,"남성 50대이(가) 주로 찾는 유동인구 중심의 시장으로, 재방문 고객(31.7%) 비중이 높은 곳입니다.",남성 50대 (25.1%),유동인구 중심 (74.3%),31.71,5.89
